Command line invocation:
    /Applications/Xcode.app/Contents/Developer/usr/bin/xcodebuild -project Maeuse.xcodeproj -scheme Maeuse -configuration Debug -destination "generic/platform=iOS Simulator" -derivedDataPath /Users/rafaeltoneto/Documents/TCC/AvaliacaoBuild/maeuse-ios CODE_SIGNING_ALLOWED=NO build

Build settings from command line:
    CODE_SIGNING_ALLOWED = NO

ComputePackagePrebuildTargetDependencyGraph

Prepare packages

CreateBuildRequest

SendProjectDescription

CreateBuildOperation

ComputeTargetDependencyGraph
note: Building targets in dependency order
note: Target dependency graph (2 targets)
    Target 'Maeuse' in project 'Maeuse'
        ➜ Explicit dependency on target 'MaeuseControls' in project 'Maeuse'
    Target 'MaeuseControls' in project 'Maeuse' (no dependencies)

GatherProvisioningInputs

CreateBuildDescription

ExecuteExternalTool /Applications/Xcode.app/Contents/Developer/usr/bin/actool --version --output-format xml1

ExecuteExternalTool /Applications/Xcode.app/Contents/Developer/Toolchains/XcodeDefault.xctoolchain/usr/bin/clang -v -E -dM -isysroot /Applications/Xcode.app/Contents/Developer/Platforms/iPhoneSimulator.platform/Developer/SDKs/iPhoneSimulator27.0.sdk -x c -c /dev/null

ExecuteExternalTool /Applications/Xcode.app/Contents/Developer/Toolchains/XcodeDefault.xctoolchain/usr/bin/clang -v -E -dM -arch arm64 -isysroot /Applications/Xcode.app/Contents/Developer/Platforms/iPhoneSimulator.platform/Developer/SDKs/iPhoneSimulator27.0.sdk -x c -c /dev/null

ExecuteExternalTool /Applications/Xcode.app/Contents/Developer/usr/bin/actool --print-asset-tag-combinations --output-format xml1 /Users/rafaeltoneto/Documents/TCC/ProjetosExternos/maeuse-ios/Maeuse/Assets.xcassets

ExecuteExternalTool /Applications/Xcode.app/Contents/Developer/Toolchains/XcodeDefault.xctoolchain/usr/bin/swiftc --version

ExecuteExternalTool /Applications/Xcode.app/Contents/Developer/Toolchains/XcodeDefault.xctoolchain/usr/bin/ld -version_details

ExecuteExternalTool /Applications/Xcode.app/Contents/Developer/Toolchains/XcodeDefault.xctoolchain/usr/bin/clang -v -E -dM -arch x86_64 -isysroot /Applications/Xcode.app/Contents/Developer/Platforms/iPhoneSimulator.platform/Developer/SDKs/iPhoneSimulator27.0.sdk -x c -c /dev/null

Build description signature: 42e56af5954d7c4dc28292f27c0908a8
Build description path: /Users/rafaeltoneto/Documents/TCC/AvaliacaoBuild/maeuse-ios/Build/Intermediates.noindex/XCBuildData/42e56af5954d7c4dc28292f27c0908a8.xcbuilddata
CreateBuildDirectory /Users/rafaeltoneto/Documents/TCC/AvaliacaoBuild/maeuse-ios/SDKExplicitPrecompiledModules
    cd /Users/rafaeltoneto/Documents/TCC/ProjetosExternos/maeuse-ios/Maeuse.xcodeproj
    builtin-create-build-directory /Users/rafaeltoneto/Documents/TCC/AvaliacaoBuild/maeuse-ios/SDKExplicitPrecompiledModules

CreateBuildDirectory /Users/rafaeltoneto/Documents/TCC/AvaliacaoBuild/maeuse-ios/CompilationCache.noindex
    cd /Users/rafaeltoneto/Documents/TCC/ProjetosExternos/maeuse-ios/Maeuse.xcodeproj
    builtin-create-build-directory /Users/rafaeltoneto/Documents/TCC/AvaliacaoBuild/maeuse-ios/CompilationCache.noindex

CreateBuildDirectory /Users/rafaeltoneto/Documents/TCC/AvaliacaoBuild/maeuse-ios/ModuleCache.noindex
    cd /Users/rafaeltoneto/Documents/TCC/ProjetosExternos/maeuse-ios/Maeuse.xcodeproj
    builtin-create-build-directory /Users/rafaeltoneto/Documents/TCC/AvaliacaoBuild/maeuse-ios/ModuleCache.noindex

CreateBuildDirectory /Users/rafaeltoneto/Documents/TCC/AvaliacaoBuild/maeuse-ios/Build/Products
    cd /Users/rafaeltoneto/Documents/TCC/ProjetosExternos/maeuse-ios/Maeuse.xcodeproj
    builtin-create-build-directory /Users/rafaeltoneto/Documents/TCC/AvaliacaoBuild/maeuse-ios/Build/Products

CreateBuildDirectory /Users/rafaeltoneto/Documents/TCC/AvaliacaoBuild/maeuse-ios/Build/Intermediates.noindex
    cd /Users/rafaeltoneto/Documents/TCC/ProjetosExternos/maeuse-ios/Maeuse.xcodeproj
    builtin-create-build-directory /Users/rafaeltoneto/Documents/TCC/AvaliacaoBuild/maeuse-ios/Build/Intermediates.noindex

ClangStatCache /Applications/Xcode.app/Contents/Developer/Toolchains/XcodeDefault.xctoolchain/usr/bin/clang-stat-cache /Applications/Xcode.app/Contents/Developer/Platforms/iPhoneSimulator.platform/Developer/SDKs/iPhoneSimulator27.0.sdk /Users/rafaeltoneto/Documents/TCC/AvaliacaoBuild/maeuse-ios/SDKStatCaches.noindex/iphonesimulator27.0-24A430-8dc58220667be655e1bcc261a7455254.sdkstatcache
    cd /Users/rafaeltoneto/Documents/TCC/ProjetosExternos/maeuse-ios/Maeuse.xcodeproj
    /Applications/Xcode.app/Contents/Developer/Toolchains/XcodeDefault.xctoolchain/usr/bin/clang-stat-cache /Applications/Xcode.app/Contents/Developer/Platforms/iPhoneSimulator.platform/Developer/SDKs/iPhoneSimulator27.0.sdk -o /Users/rafaeltoneto/Documents/TCC/AvaliacaoBuild/maeuse-ios/SDKStatCaches.noindex/iphonesimulator27.0-24A430-8dc58220667be655e1bcc261a7455254.sdkstatcache

CreateBuildDirectory /Users/rafaeltoneto/Documents/TCC/AvaliacaoBuild/maeuse-ios/Build/Intermediates.noindex/SwiftExplicitPrecompiledModules
    cd /Users/rafaeltoneto/Documents/TCC/ProjetosExternos/maeuse-ios/Maeuse.xcodeproj
    builtin-create-build-directory /Users/rafaeltoneto/Documents/TCC/AvaliacaoBuild/maeuse-ios/Build/Intermediates.noindex/SwiftExplicitPrecompiledModules

CreateBuildDirectory /Users/rafaeltoneto/Documents/TCC/AvaliacaoBuild/maeuse-ios/Build/Products/Debug-iphonesimulator
    cd /Users/rafaeltoneto/Documents/TCC/ProjetosExternos/maeuse-ios/Maeuse.xcodeproj
    builtin-create-build-directory /Users/rafaeltoneto/Documents/TCC/AvaliacaoBuild/maeuse-ios/Build/Products/Debug-iphonesimulator

CreateBuildDirectory /Users/rafaeltoneto/Documents/TCC/AvaliacaoBuild/maeuse-ios/Build/Intermediates.noindex/PrecompiledHeaders
    cd /Users/rafaeltoneto/Documents/TCC/ProjetosExternos/maeuse-ios/Maeuse.xcodeproj
    builtin-create-build-directory /Users/rafaeltoneto/Documents/TCC/AvaliacaoBuild/maeuse-ios/Build/Intermediates.noindex/PrecompiledHeaders

CreateBuildDirectory /Users/rafaeltoneto/Documents/TCC/AvaliacaoBuild/maeuse-ios/Build/Intermediates.noindex/ExplicitPrecompiledModules
    cd /Users/rafaeltoneto/Documents/TCC/ProjetosExternos/maeuse-ios/Maeuse.xcodeproj
    builtin-create-build-directory /Users/rafaeltoneto/Documents/TCC/AvaliacaoBuild/maeuse-ios/Build/Intermediates.noindex/ExplicitPrecompiledModules

CreateBuildDirectory /Users/rafaeltoneto/Documents/TCC/AvaliacaoBuild/maeuse-ios/Build/Intermediates.noindex/EagerLinkingTBDs/Debug-iphonesimulator
    cd /Users/rafaeltoneto/Documents/TCC/ProjetosExternos/maeuse-ios/Maeuse.xcodeproj
    builtin-create-build-directory /Users/rafaeltoneto/Documents/TCC/AvaliacaoBuild/maeuse-ios/Build/Intermediates.noindex/EagerLinkingTBDs/Debug-iphonesimulator

WriteAuxiliaryFile /Users/rafaeltoneto/Documents/TCC/AvaliacaoBuild/maeuse-ios/Build/Intermediates.noindex/Maeuse.build/Debug-iphonesimulator/Maeuse-ef28931add4eac5d25b48d5c26ffc475-VFS-iphonesimulator/all-product-headers.yaml
    cd /Users/rafaeltoneto/Documents/TCC/ProjetosExternos/maeuse-ios/Maeuse.xcodeproj
    write-file /Users/rafaeltoneto/Documents/TCC/AvaliacaoBuild/maeuse-ios/Build/Intermediates.noindex/Maeuse.build/Debug-iphonesimulator/Maeuse-ef28931add4eac5d25b48d5c26ffc475-VFS-iphonesimulator/all-product-headers.yaml

WriteAuxiliaryFile /Users/rafaeltoneto/Documents/TCC/AvaliacaoBuild/maeuse-ios/Build/Intermediates.noindex/Maeuse.build/Debug-iphonesimulator/MaeuseControls.build/MaeuseControls-all-non-framework-target-headers.hmap (in target 'MaeuseControls' from project 'Maeuse')
    cd /Users/rafaeltoneto/Documents/TCC/ProjetosExternos/maeuse-ios
    write-file /Users/rafaeltoneto/Documents/TCC/AvaliacaoBuild/maeuse-ios/Build/Intermediates.noindex/Maeuse.build/Debug-iphonesimulator/MaeuseControls.build/MaeuseControls-all-non-framework-target-headers.hmap

WriteAuxiliaryFile /Users/rafaeltoneto/Documents/TCC/AvaliacaoBuild/maeuse-ios/Build/Intermediates.noindex/Maeuse.build/Debug-iphonesimulator/MaeuseControls.build/MaeuseControls-all-target-headers.hmap (in target 'MaeuseControls' from project 'Maeuse')
    cd /Users/rafaeltoneto/Documents/TCC/ProjetosExternos/maeuse-ios
    write-file /Users/rafaeltoneto/Documents/TCC/AvaliacaoBuild/maeuse-ios/Build/Intermediates.noindex/Maeuse.build/Debug-iphonesimulator/MaeuseControls.build/MaeuseControls-all-target-headers.hmap

MkDir /Users/rafaeltoneto/Documents/TCC/AvaliacaoBuild/maeuse-ios/Build/Products/Debug-iphonesimulator/MaeuseControls.appex (in target 'MaeuseControls' from project 'Maeuse')
    cd /Users/rafaeltoneto/Documents/TCC/ProjetosExternos/maeuse-ios
    /bin/mkdir -p /Users/rafaeltoneto/Documents/TCC/AvaliacaoBuild/maeuse-ios/Build/Products/Debug-iphonesimulator/MaeuseControls.appex

WriteAuxiliaryFile /Users/rafaeltoneto/Documents/TCC/AvaliacaoBuild/maeuse-ios/Build/Intermediates.noindex/Maeuse.build/Debug-iphonesimulator/MaeuseControls.build/MaeuseControls.hmap (in target 'MaeuseControls' from project 'Maeuse')
    cd /Users/rafaeltoneto/Documents/TCC/ProjetosExternos/maeuse-ios
    write-file /Users/rafaeltoneto/Documents/TCC/AvaliacaoBuild/maeuse-ios/Build/Intermediates.noindex/Maeuse.build/Debug-iphonesimulator/MaeuseControls.build/MaeuseControls.hmap

WriteAuxiliaryFile /Users/rafaeltoneto/Documents/TCC/AvaliacaoBuild/maeuse-ios/Build/Intermediates.noindex/Maeuse.build/Debug-iphonesimulator/MaeuseControls.build/MaeuseControls-own-target-headers.hmap (in target 'MaeuseControls' from project 'Maeuse')
    cd /Users/rafaeltoneto/Documents/TCC/ProjetosExternos/maeuse-ios
    write-file /Users/rafaeltoneto/Documents/TCC/AvaliacaoBuild/maeuse-ios/Build/Intermediates.noindex/Maeuse.build/Debug-iphonesimulator/MaeuseControls.build/MaeuseControls-own-target-headers.hmap

WriteAuxiliaryFile /Users/rafaeltoneto/Documents/TCC/AvaliacaoBuild/maeuse-ios/Build/Intermediates.noindex/Maeuse.build/Debug-iphonesimulator/MaeuseControls.build/MaeuseControls-project-headers.hmap (in target 'MaeuseControls' from project 'Maeuse')
    cd /Users/rafaeltoneto/Documents/TCC/ProjetosExternos/maeuse-ios
    write-file /Users/rafaeltoneto/Documents/TCC/AvaliacaoBuild/maeuse-ios/Build/Intermediates.noindex/Maeuse.build/Debug-iphonesimulator/MaeuseControls.build/MaeuseControls-project-headers.hmap

WriteAuxiliaryFile /Users/rafaeltoneto/Documents/TCC/AvaliacaoBuild/maeuse-ios/Build/Intermediates.noindex/Maeuse.build/Debug-iphonesimulator/MaeuseControls.build/Objects-normal/x86_64/MaeuseControls.SwiftFileList (in target 'MaeuseControls' from project 'Maeuse')
    cd /Users/rafaeltoneto/Documents/TCC/ProjetosExternos/maeuse-ios
    write-file /Users/rafaeltoneto/Documents/TCC/AvaliacaoBuild/maeuse-ios/Build/Intermediates.noindex/Maeuse.build/Debug-iphonesimulator/MaeuseControls.build/Objects-normal/x86_64/MaeuseControls.SwiftFileList

WriteAuxiliaryFile /Users/rafaeltoneto/Documents/TCC/AvaliacaoBuild/maeuse-ios/Build/Intermediates.noindex/Maeuse.build/Debug-iphonesimulator/MaeuseControls.build/Objects-normal/x86_64/MaeuseControls-OutputFileMap.json (in target 'MaeuseControls' from project 'Maeuse')
    cd /Users/rafaeltoneto/Documents/TCC/ProjetosExternos/maeuse-ios
    write-file /Users/rafaeltoneto/Documents/TCC/AvaliacaoBuild/maeuse-ios/Build/Intermediates.noindex/Maeuse.build/Debug-iphonesimulator/MaeuseControls.build/Objects-normal/x86_64/MaeuseControls-OutputFileMap.json

WriteAuxiliaryFile /Users/rafaeltoneto/Documents/TCC/AvaliacaoBuild/maeuse-ios/Build/Intermediates.noindex/Maeuse.build/Debug-iphonesimulator/MaeuseControls.build/Objects-normal/x86_64/MaeuseControls_const_extract_protocols.json (in target 'MaeuseControls' from project 'Maeuse')
    cd /Users/rafaeltoneto/Documents/TCC/ProjetosExternos/maeuse-ios
    write-file /Users/rafaeltoneto/Documents/TCC/AvaliacaoBuild/maeuse-ios/Build/Intermediates.noindex/Maeuse.build/Debug-iphonesimulator/MaeuseControls.build/Objects-normal/x86_64/MaeuseControls_const_extract_protocols.json

WriteAuxiliaryFile /Users/rafaeltoneto/Documents/TCC/AvaliacaoBuild/maeuse-ios/Build/Intermediates.noindex/Maeuse.build/Debug-iphonesimulator/MaeuseControls.build/Objects-normal/x86_64/MaeuseControls.SwiftConstValuesFileList (in target 'MaeuseControls' from project 'Maeuse')
    cd /Users/rafaeltoneto/Documents/TCC/ProjetosExternos/maeuse-ios
    write-file /Users/rafaeltoneto/Documents/TCC/AvaliacaoBuild/maeuse-ios/Build/Intermediates.noindex/Maeuse.build/Debug-iphonesimulator/MaeuseControls.build/Objects-normal/x86_64/MaeuseControls.SwiftConstValuesFileList

WriteAuxiliaryFile /Users/rafaeltoneto/Documents/TCC/AvaliacaoBuild/maeuse-ios/Build/Intermediates.noindex/Maeuse.build/Debug-iphonesimulator/MaeuseControls.build/Objects-normal/x86_64/MaeuseControls.LinkFileList (in target 'MaeuseControls' from project 'Maeuse')
    cd /Users/rafaeltoneto/Documents/TCC/ProjetosExternos/maeuse-ios
    write-file /Users/rafaeltoneto/Documents/TCC/AvaliacaoBuild/maeuse-ios/Build/Intermediates.noindex/Maeuse.build/Debug-iphonesimulator/MaeuseControls.build/Objects-normal/x86_64/MaeuseControls.LinkFileList

WriteAuxiliaryFile /Users/rafaeltoneto/Documents/TCC/AvaliacaoBuild/maeuse-ios/Build/Intermediates.noindex/Maeuse.build/Debug-iphonesimulator/MaeuseControls.build/Objects-normal/arm64/MaeuseControls.SwiftFileList (in target 'MaeuseControls' from project 'Maeuse')
    cd /Users/rafaeltoneto/Documents/TCC/ProjetosExternos/maeuse-ios
    write-file /Users/rafaeltoneto/Documents/TCC/AvaliacaoBuild/maeuse-ios/Build/Intermediates.noindex/Maeuse.build/Debug-iphonesimulator/MaeuseControls.build/Objects-normal/arm64/MaeuseControls.SwiftFileList

WriteAuxiliaryFile /Users/rafaeltoneto/Documents/TCC/AvaliacaoBuild/maeuse-ios/Build/Intermediates.noindex/Maeuse.build/Debug-iphonesimulator/MaeuseControls.build/Objects-normal/arm64/MaeuseControls_const_extract_protocols.json (in target 'MaeuseControls' from project 'Maeuse')
    cd /Users/rafaeltoneto/Documents/TCC/ProjetosExternos/maeuse-ios
    write-file /Users/rafaeltoneto/Documents/TCC/AvaliacaoBuild/maeuse-ios/Build/Intermediates.noindex/Maeuse.build/Debug-iphonesimulator/MaeuseControls.build/Objects-normal/arm64/MaeuseControls_const_extract_protocols.json

WriteAuxiliaryFile /Users/rafaeltoneto/Documents/TCC/AvaliacaoBuild/maeuse-ios/Build/Intermediates.noindex/Maeuse.build/Debug-iphonesimulator/MaeuseControls.build/Objects-normal/arm64/MaeuseControls.SwiftConstValuesFileList (in target 'MaeuseControls' from project 'Maeuse')
    cd /Users/rafaeltoneto/Documents/TCC/ProjetosExternos/maeuse-ios
    write-file /Users/rafaeltoneto/Documents/TCC/AvaliacaoBuild/maeuse-ios/Build/Intermediates.noindex/Maeuse.build/Debug-iphonesimulator/MaeuseControls.build/Objects-normal/arm64/MaeuseControls.SwiftConstValuesFileList

WriteAuxiliaryFile /Users/rafaeltoneto/Documents/TCC/AvaliacaoBuild/maeuse-ios/Build/Intermediates.noindex/Maeuse.build/Debug-iphonesimulator/MaeuseControls.build/Objects-normal/arm64/MaeuseControls.LinkFileList (in target 'MaeuseControls' from project 'Maeuse')
    cd /Users/rafaeltoneto/Documents/TCC/ProjetosExternos/maeuse-ios
    write-file /Users/rafaeltoneto/Documents/TCC/AvaliacaoBuild/maeuse-ios/Build/Intermediates.noindex/Maeuse.build/Debug-iphonesimulator/MaeuseControls.build/Objects-normal/arm64/MaeuseControls.LinkFileList

WriteAuxiliaryFile /Users/rafaeltoneto/Documents/TCC/AvaliacaoBuild/maeuse-ios/Build/Intermediates.noindex/Maeuse.build/Debug-iphonesimulator/MaeuseControls.build/Objects-normal/arm64/MaeuseControls-OutputFileMap.json (in target 'MaeuseControls' from project 'Maeuse')
    cd /Users/rafaeltoneto/Documents/TCC/ProjetosExternos/maeuse-ios
    write-file /Users/rafaeltoneto/Documents/TCC/AvaliacaoBuild/maeuse-ios/Build/Intermediates.noindex/Maeuse.build/Debug-iphonesimulator/MaeuseControls.build/Objects-normal/arm64/MaeuseControls-OutputFileMap.json

WriteAuxiliaryFile /Users/rafaeltoneto/Documents/TCC/AvaliacaoBuild/maeuse-ios/Build/Intermediates.noindex/Maeuse.build/Debug-iphonesimulator/MaeuseControls.build/MaeuseControls.DependencyStaticMetadataFileList (in target 'MaeuseControls' from project 'Maeuse')
    cd /Users/rafaeltoneto/Documents/TCC/ProjetosExternos/maeuse-ios
    write-file /Users/rafaeltoneto/Documents/TCC/AvaliacaoBuild/maeuse-ios/Build/Intermediates.noindex/Maeuse.build/Debug-iphonesimulator/MaeuseControls.build/MaeuseControls.DependencyStaticMetadataFileList

WriteAuxiliaryFile /Users/rafaeltoneto/Documents/TCC/AvaliacaoBuild/maeuse-ios/Build/Intermediates.noindex/Maeuse.build/Debug-iphonesimulator/MaeuseControls.build/MaeuseControls.DependencyMetadataFileList (in target 'MaeuseControls' from project 'Maeuse')
    cd /Users/rafaeltoneto/Documents/TCC/ProjetosExternos/maeuse-ios
    write-file /Users/rafaeltoneto/Documents/TCC/AvaliacaoBuild/maeuse-ios/Build/Intermediates.noindex/Maeuse.build/Debug-iphonesimulator/MaeuseControls.build/MaeuseControls.DependencyMetadataFileList

WriteAuxiliaryFile /Users/rafaeltoneto/Documents/TCC/AvaliacaoBuild/maeuse-ios/Build/Intermediates.noindex/Maeuse.build/Debug-iphonesimulator/MaeuseControls.build/MaeuseControls-generated-files.hmap (in target 'MaeuseControls' from project 'Maeuse')
    cd /Users/rafaeltoneto/Documents/TCC/ProjetosExternos/maeuse-ios
    write-file /Users/rafaeltoneto/Documents/TCC/AvaliacaoBuild/maeuse-ios/Build/Intermediates.noindex/Maeuse.build/Debug-iphonesimulator/MaeuseControls.build/MaeuseControls-generated-files.hmap

WriteAuxiliaryFile /Users/rafaeltoneto/Documents/TCC/AvaliacaoBuild/maeuse-ios/Build/Intermediates.noindex/Maeuse.build/Debug-iphonesimulator/Maeuse.build/Objects-normal/x86_64/Maeuse_const_extract_protocols.json (in target 'Maeuse' from project 'Maeuse')
    cd /Users/rafaeltoneto/Documents/TCC/ProjetosExternos/maeuse-ios
    write-file /Users/rafaeltoneto/Documents/TCC/AvaliacaoBuild/maeuse-ios/Build/Intermediates.noindex/Maeuse.build/Debug-iphonesimulator/Maeuse.build/Objects-normal/x86_64/Maeuse_const_extract_protocols.json

WriteAuxiliaryFile /Users/rafaeltoneto/Documents/TCC/AvaliacaoBuild/maeuse-ios/Build/Intermediates.noindex/Maeuse.build/Debug-iphonesimulator/Maeuse.build/Objects-normal/x86_64/Maeuse.SwiftFileList (in target 'Maeuse' from project 'Maeuse')
    cd /Users/rafaeltoneto/Documents/TCC/ProjetosExternos/maeuse-ios
    write-file /Users/rafaeltoneto/Documents/TCC/AvaliacaoBuild/maeuse-ios/Build/Intermediates.noindex/Maeuse.build/Debug-iphonesimulator/Maeuse.build/Objects-normal/x86_64/Maeuse.SwiftFileList

WriteAuxiliaryFile /Users/rafaeltoneto/Documents/TCC/AvaliacaoBuild/maeuse-ios/Build/Intermediates.noindex/Maeuse.build/Debug-iphonesimulator/Maeuse.build/Objects-normal/x86_64/Maeuse.SwiftConstValuesFileList (in target 'Maeuse' from project 'Maeuse')
    cd /Users/rafaeltoneto/Documents/TCC/ProjetosExternos/maeuse-ios
    write-file /Users/rafaeltoneto/Documents/TCC/AvaliacaoBuild/maeuse-ios/Build/Intermediates.noindex/Maeuse.build/Debug-iphonesimulator/Maeuse.build/Objects-normal/x86_64/Maeuse.SwiftConstValuesFileList

WriteAuxiliaryFile /Users/rafaeltoneto/Documents/TCC/AvaliacaoBuild/maeuse-ios/Build/Intermediates.noindex/Maeuse.build/Debug-iphonesimulator/Maeuse.build/Objects-normal/x86_64/Maeuse.LinkFileList (in target 'Maeuse' from project 'Maeuse')
    cd /Users/rafaeltoneto/Documents/TCC/ProjetosExternos/maeuse-ios
    write-file /Users/rafaeltoneto/Documents/TCC/AvaliacaoBuild/maeuse-ios/Build/Intermediates.noindex/Maeuse.build/Debug-iphonesimulator/Maeuse.build/Objects-normal/x86_64/Maeuse.LinkFileList

WriteAuxiliaryFile /Users/rafaeltoneto/Documents/TCC/AvaliacaoBuild/maeuse-ios/Build/Intermediates.noindex/Maeuse.build/Debug-iphonesimulator/Maeuse.build/Objects-normal/x86_64/Maeuse-OutputFileMap.json (in target 'Maeuse' from project 'Maeuse')
    cd /Users/rafaeltoneto/Documents/TCC/ProjetosExternos/maeuse-ios
    write-file /Users/rafaeltoneto/Documents/TCC/AvaliacaoBuild/maeuse-ios/Build/Intermediates.noindex/Maeuse.build/Debug-iphonesimulator/Maeuse.build/Objects-normal/x86_64/Maeuse-OutputFileMap.json

WriteAuxiliaryFile /Users/rafaeltoneto/Documents/TCC/AvaliacaoBuild/maeuse-ios/Build/Intermediates.noindex/Maeuse.build/Debug-iphonesimulator/Maeuse.build/Objects-normal/x86_64/7187679823f38a2a940e0043cdf9d637-common-args.resp (in target 'Maeuse' from project 'Maeuse')
    cd /Users/rafaeltoneto/Documents/TCC/ProjetosExternos/maeuse-ios
    write-file /Users/rafaeltoneto/Documents/TCC/AvaliacaoBuild/maeuse-ios/Build/Intermediates.noindex/Maeuse.build/Debug-iphonesimulator/Maeuse.build/Objects-normal/x86_64/7187679823f38a2a940e0043cdf9d637-common-args.resp
'-std=gnu17' -fmodules -gmodules '-fmodules-cache-path=/Users/rafaeltoneto/Documents/TCC/AvaliacaoBuild/maeuse-ios/ModuleCache.noindex' -fpascal-strings -O0 -fno-common '-DDEBUG=1' -fasm-blocks -g -fprofile-instr-generate -fcoverage-mapping -iquote /Users/rafaeltoneto/Documents/TCC/AvaliacaoBuild/maeuse-ios/Build/Intermediates.noindex/Maeuse.build/Debug-iphonesimulator/Maeuse.build/Maeuse-generated-files.hmap -I/Users/rafaeltoneto/Documents/TCC/AvaliacaoBuild/maeuse-ios/Build/Intermediates.noindex/Maeuse.build/Debug-iphonesimulator/Maeuse.build/Maeuse-own-target-headers.hmap -I/Users/rafaeltoneto/Documents/TCC/AvaliacaoBuild/maeuse-ios/Build/Intermediates.noindex/Maeuse.build/Debug-iphonesimulator/Maeuse.build/Maeuse-all-target-headers.hmap -iquote /Users/rafaeltoneto/Documents/TCC/AvaliacaoBuild/maeuse-ios/Build/Intermediates.noindex/Maeuse.build/Debug-iphonesimulator/Maeuse.build/Maeuse-project-headers.hmap -I/Users/rafaeltoneto/Documents/TCC/AvaliacaoBuild/maeuse-ios/Build/Products/Debug-iphonesimulator/include -I/Users/rafaeltoneto/Documents/TCC/AvaliacaoBuild/maeuse-ios/Build/Intermediates.noindex/Maeuse.build/Debug-iphonesimulator/Maeuse.build/DerivedSources-normal/x86_64 -I/Users/rafaeltoneto/Documents/TCC/AvaliacaoBuild/maeuse-ios/Build/Intermediates.noindex/Maeuse.build/Debug-iphonesimulator/Maeuse.build/DerivedSources/x86_64 -I/Users/rafaeltoneto/Documents/TCC/AvaliacaoBuild/maeuse-ios/Build/Intermediates.noindex/Maeuse.build/Debug-iphonesimulator/Maeuse.build/DerivedSources -F/Users/rafaeltoneto/Documents/TCC/AvaliacaoBuild/maeuse-ios/Build/Products/Debug-iphonesimulator

WriteAuxiliaryFile /Users/rafaeltoneto/Documents/TCC/AvaliacaoBuild/maeuse-ios/Build/Intermediates.noindex/Maeuse.build/Debug-iphonesimulator/Maeuse.build/Objects-normal/arm64/Maeuse_const_extract_protocols.json (in target 'Maeuse' from project 'Maeuse')
    cd /Users/rafaeltoneto/Documents/TCC/ProjetosExternos/maeuse-ios
    write-file /Users/rafaeltoneto/Documents/TCC/AvaliacaoBuild/maeuse-ios/Build/Intermediates.noindex/Maeuse.build/Debug-iphonesimulator/Maeuse.build/Objects-normal/arm64/Maeuse_const_extract_protocols.json

WriteAuxiliaryFile /Users/rafaeltoneto/Documents/TCC/AvaliacaoBuild/maeuse-ios/Build/Intermediates.noindex/Maeuse.build/Debug-iphonesimulator/Maeuse.build/Objects-normal/arm64/Maeuse.SwiftFileList (in target 'Maeuse' from project 'Maeuse')
    cd /Users/rafaeltoneto/Documents/TCC/ProjetosExternos/maeuse-ios
    write-file /Users/rafaeltoneto/Documents/TCC/AvaliacaoBuild/maeuse-ios/Build/Intermediates.noindex/Maeuse.build/Debug-iphonesimulator/Maeuse.build/Objects-normal/arm64/Maeuse.SwiftFileList

WriteAuxiliaryFile /Users/rafaeltoneto/Documents/TCC/AvaliacaoBuild/maeuse-ios/Build/Intermediates.noindex/Maeuse.build/Debug-iphonesimulator/Maeuse.build/Objects-normal/arm64/Maeuse.SwiftConstValuesFileList (in target 'Maeuse' from project 'Maeuse')
    cd /Users/rafaeltoneto/Documents/TCC/ProjetosExternos/maeuse-ios
    write-file /Users/rafaeltoneto/Documents/TCC/AvaliacaoBuild/maeuse-ios/Build/Intermediates.noindex/Maeuse.build/Debug-iphonesimulator/Maeuse.build/Objects-normal/arm64/Maeuse.SwiftConstValuesFileList

WriteAuxiliaryFile /Users/rafaeltoneto/Documents/TCC/AvaliacaoBuild/maeuse-ios/Build/Intermediates.noindex/Maeuse.build/Debug-iphonesimulator/Maeuse.build/Objects-normal/arm64/Maeuse.LinkFileList (in target 'Maeuse' from project 'Maeuse')
    cd /Users/rafaeltoneto/Documents/TCC/ProjetosExternos/maeuse-ios
    write-file /Users/rafaeltoneto/Documents/TCC/AvaliacaoBuild/maeuse-ios/Build/Intermediates.noindex/Maeuse.build/Debug-iphonesimulator/Maeuse.build/Objects-normal/arm64/Maeuse.LinkFileList

WriteAuxiliaryFile /Users/rafaeltoneto/Documents/TCC/AvaliacaoBuild/maeuse-ios/Build/Intermediates.noindex/Maeuse.build/Debug-iphonesimulator/Maeuse.build/Objects-normal/arm64/Maeuse-OutputFileMap.json (in target 'Maeuse' from project 'Maeuse')
    cd /Users/rafaeltoneto/Documents/TCC/ProjetosExternos/maeuse-ios
    write-file /Users/rafaeltoneto/Documents/TCC/AvaliacaoBuild/maeuse-ios/Build/Intermediates.noindex/Maeuse.build/Debug-iphonesimulator/Maeuse.build/Objects-normal/arm64/Maeuse-OutputFileMap.json

WriteAuxiliaryFile /Users/rafaeltoneto/Documents/TCC/AvaliacaoBuild/maeuse-ios/Build/Intermediates.noindex/Maeuse.build/Debug-iphonesimulator/Maeuse.build/Objects-normal/arm64/7187679823f38a2a940e0043cdf9d637-common-args.resp (in target 'Maeuse' from project 'Maeuse')
    cd /Users/rafaeltoneto/Documents/TCC/ProjetosExternos/maeuse-ios
    write-file /Users/rafaeltoneto/Documents/TCC/AvaliacaoBuild/maeuse-ios/Build/Intermediates.noindex/Maeuse.build/Debug-iphonesimulator/Maeuse.build/Objects-normal/arm64/7187679823f38a2a940e0043cdf9d637-common-args.resp
'-std=gnu17' -fmodules -gmodules '-fmodules-cache-path=/Users/rafaeltoneto/Documents/TCC/AvaliacaoBuild/maeuse-ios/ModuleCache.noindex' -fpascal-strings -O0 -fno-common '-DDEBUG=1' -g -fprofile-instr-generate -fcoverage-mapping -iquote /Users/rafaeltoneto/Documents/TCC/AvaliacaoBuild/maeuse-ios/Build/Intermediates.noindex/Maeuse.build/Debug-iphonesimulator/Maeuse.build/Maeuse-generated-files.hmap -I/Users/rafaeltoneto/Documents/TCC/AvaliacaoBuild/maeuse-ios/Build/Intermediates.noindex/Maeuse.build/Debug-iphonesimulator/Maeuse.build/Maeuse-own-target-headers.hmap -I/Users/rafaeltoneto/Documents/TCC/AvaliacaoBuild/maeuse-ios/Build/Intermediates.noindex/Maeuse.build/Debug-iphonesimulator/Maeuse.build/Maeuse-all-target-headers.hmap -iquote /Users/rafaeltoneto/Documents/TCC/AvaliacaoBuild/maeuse-ios/Build/Intermediates.noindex/Maeuse.build/Debug-iphonesimulator/Maeuse.build/Maeuse-project-headers.hmap -I/Users/rafaeltoneto/Documents/TCC/AvaliacaoBuild/maeuse-ios/Build/Products/Debug-iphonesimulator/include -I/Users/rafaeltoneto/Documents/TCC/AvaliacaoBuild/maeuse-ios/Build/Intermediates.noindex/Maeuse.build/Debug-iphonesimulator/Maeuse.build/DerivedSources-normal/arm64 -I/Users/rafaeltoneto/Documents/TCC/AvaliacaoBuild/maeuse-ios/Build/Intermediates.noindex/Maeuse.build/Debug-iphonesimulator/Maeuse.build/DerivedSources/arm64 -I/Users/rafaeltoneto/Documents/TCC/AvaliacaoBuild/maeuse-ios/Build/Intermediates.noindex/Maeuse.build/Debug-iphonesimulator/Maeuse.build/DerivedSources -F/Users/rafaeltoneto/Documents/TCC/AvaliacaoBuild/maeuse-ios/Build/Products/Debug-iphonesimulator

WriteAuxiliaryFile /Users/rafaeltoneto/Documents/TCC/AvaliacaoBuild/maeuse-ios/Build/Intermediates.noindex/Maeuse.build/Debug-iphonesimulator/Maeuse.build/Maeuse.hmap (in target 'Maeuse' from project 'Maeuse')
    cd /Users/rafaeltoneto/Documents/TCC/ProjetosExternos/maeuse-ios
    write-file /Users/rafaeltoneto/Documents/TCC/AvaliacaoBuild/maeuse-ios/Build/Intermediates.noindex/Maeuse.build/Debug-iphonesimulator/Maeuse.build/Maeuse.hmap

WriteAuxiliaryFile /Users/rafaeltoneto/Documents/TCC/AvaliacaoBuild/maeuse-ios/Build/Intermediates.noindex/Maeuse.build/Debug-iphonesimulator/Maeuse.build/Maeuse.DependencyStaticMetadataFileList (in target 'Maeuse' from project 'Maeuse')
    cd /Users/rafaeltoneto/Documents/TCC/ProjetosExternos/maeuse-ios
    write-file /Users/rafaeltoneto/Documents/TCC/AvaliacaoBuild/maeuse-ios/Build/Intermediates.noindex/Maeuse.build/Debug-iphonesimulator/Maeuse.build/Maeuse.DependencyStaticMetadataFileList

WriteAuxiliaryFile /Users/rafaeltoneto/Documents/TCC/AvaliacaoBuild/maeuse-ios/Build/Intermediates.noindex/Maeuse.build/Debug-iphonesimulator/Maeuse.build/Maeuse.DependencyMetadataFileList (in target 'Maeuse' from project 'Maeuse')
    cd /Users/rafaeltoneto/Documents/TCC/ProjetosExternos/maeuse-ios
    write-file /Users/rafaeltoneto/Documents/TCC/AvaliacaoBuild/maeuse-ios/Build/Intermediates.noindex/Maeuse.build/Debug-iphonesimulator/Maeuse.build/Maeuse.DependencyMetadataFileList

WriteAuxiliaryFile /Users/rafaeltoneto/Documents/TCC/AvaliacaoBuild/maeuse-ios/Build/Intermediates.noindex/Maeuse.build/Debug-iphonesimulator/Maeuse.build/Maeuse-project-headers.hmap (in target 'Maeuse' from project 'Maeuse')
    cd /Users/rafaeltoneto/Documents/TCC/ProjetosExternos/maeuse-ios
    write-file /Users/rafaeltoneto/Documents/TCC/AvaliacaoBuild/maeuse-ios/Build/Intermediates.noindex/Maeuse.build/Debug-iphonesimulator/Maeuse.build/Maeuse-project-headers.hmap

WriteAuxiliaryFile /Users/rafaeltoneto/Documents/TCC/AvaliacaoBuild/maeuse-ios/Build/Intermediates.noindex/Maeuse.build/Debug-iphonesimulator/Maeuse.build/Maeuse-own-target-headers.hmap (in target 'Maeuse' from project 'Maeuse')
    cd /Users/rafaeltoneto/Documents/TCC/ProjetosExternos/maeuse-ios
    write-file /Users/rafaeltoneto/Documents/TCC/AvaliacaoBuild/maeuse-ios/Build/Intermediates.noindex/Maeuse.build/Debug-iphonesimulator/Maeuse.build/Maeuse-own-target-headers.hmap

WriteAuxiliaryFile /Users/rafaeltoneto/Documents/TCC/AvaliacaoBuild/maeuse-ios/Build/Intermediates.noindex/Maeuse.build/Debug-iphonesimulator/Maeuse.build/Maeuse-generated-files.hmap (in target 'Maeuse' from project 'Maeuse')
    cd /Users/rafaeltoneto/Documents/TCC/ProjetosExternos/maeuse-ios
    write-file /Users/rafaeltoneto/Documents/TCC/AvaliacaoBuild/maeuse-ios/Build/Intermediates.noindex/Maeuse.build/Debug-iphonesimulator/Maeuse.build/Maeuse-generated-files.hmap

WriteAuxiliaryFile /Users/rafaeltoneto/Documents/TCC/AvaliacaoBuild/maeuse-ios/Build/Intermediates.noindex/Maeuse.build/Debug-iphonesimulator/Maeuse.build/Maeuse-all-target-headers.hmap (in target 'Maeuse' from project 'Maeuse')
    cd /Users/rafaeltoneto/Documents/TCC/ProjetosExternos/maeuse-ios
    write-file /Users/rafaeltoneto/Documents/TCC/AvaliacaoBuild/maeuse-ios/Build/Intermediates.noindex/Maeuse.build/Debug-iphonesimulator/Maeuse.build/Maeuse-all-target-headers.hmap

WriteAuxiliaryFile /Users/rafaeltoneto/Documents/TCC/AvaliacaoBuild/maeuse-ios/Build/Intermediates.noindex/Maeuse.build/Debug-iphonesimulator/Maeuse.build/Maeuse-all-non-framework-target-headers.hmap (in target 'Maeuse' from project 'Maeuse')
    cd /Users/rafaeltoneto/Documents/TCC/ProjetosExternos/maeuse-ios
    write-file /Users/rafaeltoneto/Documents/TCC/AvaliacaoBuild/maeuse-ios/Build/Intermediates.noindex/Maeuse.build/Debug-iphonesimulator/Maeuse.build/Maeuse-all-non-framework-target-headers.hmap

WriteAuxiliaryFile /Users/rafaeltoneto/Documents/TCC/AvaliacaoBuild/maeuse-ios/Build/Intermediates.noindex/Maeuse.build/Debug-iphonesimulator/Maeuse.build/DerivedSources/Maeuse_vers.c (in target 'Maeuse' from project 'Maeuse')
    cd /Users/rafaeltoneto/Documents/TCC/ProjetosExternos/maeuse-ios
    write-file /Users/rafaeltoneto/Documents/TCC/AvaliacaoBuild/maeuse-ios/Build/Intermediates.noindex/Maeuse.build/Debug-iphonesimulator/Maeuse.build/DerivedSources/Maeuse_vers.c

MkDir /Users/rafaeltoneto/Documents/TCC/AvaliacaoBuild/maeuse-ios/Build/Products/Debug-iphonesimulator/Maeuse.app (in target 'Maeuse' from project 'Maeuse')
    cd /Users/rafaeltoneto/Documents/TCC/ProjetosExternos/maeuse-ios
    /bin/mkdir -p /Users/rafaeltoneto/Documents/TCC/AvaliacaoBuild/maeuse-ios/Build/Products/Debug-iphonesimulator/Maeuse.app

MkDir /Users/rafaeltoneto/Documents/TCC/AvaliacaoBuild/maeuse-ios/Build/Products/Debug-iphonesimulator/Maeuse.app/PlugIns (in target 'Maeuse' from project 'Maeuse')
    cd /Users/rafaeltoneto/Documents/TCC/ProjetosExternos/maeuse-ios
    /bin/mkdir -p /Users/rafaeltoneto/Documents/TCC/AvaliacaoBuild/maeuse-ios/Build/Products/Debug-iphonesimulator/Maeuse.app/PlugIns

MkDir /Users/rafaeltoneto/Documents/TCC/AvaliacaoBuild/maeuse-ios/Build/Intermediates.noindex/Maeuse.build/Debug-iphonesimulator/MaeuseControls.build/assetcatalog_output/thinned (in target 'MaeuseControls' from project 'Maeuse')
    cd /Users/rafaeltoneto/Documents/TCC/ProjetosExternos/maeuse-ios
    /bin/mkdir -p /Users/rafaeltoneto/Documents/TCC/AvaliacaoBuild/maeuse-ios/Build/Intermediates.noindex/Maeuse.build/Debug-iphonesimulator/MaeuseControls.build/assetcatalog_output/thinned

CpResource /Users/rafaeltoneto/Documents/TCC/AvaliacaoBuild/maeuse-ios/Build/Products/Debug-iphonesimulator/MaeuseControls.appex/PrivacyInfo.xcprivacy /Users/rafaeltoneto/Documents/TCC/ProjetosExternos/maeuse-ios/MaeuseControls/PrivacyInfo.xcprivacy (in target 'MaeuseControls' from project 'Maeuse')
    cd /Users/rafaeltoneto/Documents/TCC/ProjetosExternos/maeuse-ios
    builtin-copy -exclude .DS_Store -exclude CVS -exclude .svn -exclude .git -exclude .hg -resolve-src-symlinks /Users/rafaeltoneto/Documents/TCC/ProjetosExternos/maeuse-ios/MaeuseControls/PrivacyInfo.xcprivacy /Users/rafaeltoneto/Documents/TCC/AvaliacaoBuild/maeuse-ios/Build/Products/Debug-iphonesimulator/MaeuseControls.appex

MkDir /Users/rafaeltoneto/Documents/TCC/AvaliacaoBuild/maeuse-ios/Build/Intermediates.noindex/Maeuse.build/Debug-iphonesimulator/MaeuseControls.build/assetcatalog_output/unthinned (in target 'MaeuseControls' from project 'Maeuse')
    cd /Users/rafaeltoneto/Documents/TCC/ProjetosExternos/maeuse-ios
    /bin/mkdir -p /Users/rafaeltoneto/Documents/TCC/AvaliacaoBuild/maeuse-ios/Build/Intermediates.noindex/Maeuse.build/Debug-iphonesimulator/MaeuseControls.build/assetcatalog_output/unthinned

GenerateAssetSymbols /Users/rafaeltoneto/Documents/TCC/ProjetosExternos/maeuse-ios/MaeuseControls/Assets.xcassets (in target 'MaeuseControls' from project 'Maeuse')
    cd /Users/rafaeltoneto/Documents/TCC/ProjetosExternos/maeuse-ios
    /Applications/Xcode.app/Contents/Developer/usr/bin/actool /Users/rafaeltoneto/Documents/TCC/ProjetosExternos/maeuse-ios/MaeuseControls/Assets.xcassets --compile /Users/rafaeltoneto/Documents/TCC/AvaliacaoBuild/maeuse-ios/Build/Products/Debug-iphonesimulator/MaeuseControls.appex --output-format human-readable-text --notices --warnings --export-dependency-info /Users/rafaeltoneto/Documents/TCC/AvaliacaoBuild/maeuse-ios/Build/Intermediates.noindex/Maeuse.build/Debug-iphonesimulator/MaeuseControls.build/assetcatalog_dependencies --output-partial-info-plist /Users/rafaeltoneto/Documents/TCC/AvaliacaoBuild/maeuse-ios/Build/Intermediates.noindex/Maeuse.build/Debug-iphonesimulator/MaeuseControls.build/assetcatalog_generated_info.plist --accent-color AccentColor --compress-pngs --enable-on-demand-resources NO --standalone-icon-behavior all --development-region en --target-device iphone --minimum-deployment-target 18.0 --platform iphonesimulator --bundle-identifier com.michaeldiestelberg.maeuse.controls --generate-swift-asset-symbol-extensions NO --generate-swift-asset-symbols /Users/rafaeltoneto/Documents/TCC/AvaliacaoBuild/maeuse-ios/Build/Intermediates.noindex/Maeuse.build/Debug-iphonesimulator/MaeuseControls.build/DerivedSources/GeneratedAssetSymbols.swift --generate-objc-asset-symbols /Users/rafaeltoneto/Documents/TCC/AvaliacaoBuild/maeuse-ios/Build/Intermediates.noindex/Maeuse.build/Debug-iphonesimulator/MaeuseControls.build/DerivedSources/GeneratedAssetSymbols.h --generate-asset-symbol-index /Users/rafaeltoneto/Documents/TCC/AvaliacaoBuild/maeuse-ios/Build/Intermediates.noindex/Maeuse.build/Debug-iphonesimulator/MaeuseControls.build/DerivedSources/GeneratedAssetSymbols-Index.plist
/* com.apple.actool.compilation-results */
/Users/rafaeltoneto/Documents/TCC/AvaliacaoBuild/maeuse-ios/Build/Intermediates.noindex/Maeuse.build/Debug-iphonesimulator/MaeuseControls.build/DerivedSources/GeneratedAssetSymbols-Index.plist
/Users/rafaeltoneto/Documents/TCC/AvaliacaoBuild/maeuse-ios/Build/Intermediates.noindex/Maeuse.build/Debug-iphonesimulator/MaeuseControls.build/DerivedSources/GeneratedAssetSymbols.h
/Users/rafaeltoneto/Documents/TCC/AvaliacaoBuild/maeuse-ios/Build/Intermediates.noindex/Maeuse.build/Debug-iphonesimulator/MaeuseControls.build/DerivedSources/GeneratedAssetSymbols.swift


CopyStringsFile /Users/rafaeltoneto/Documents/TCC/AvaliacaoBuild/maeuse-ios/Build/Products/Debug-iphonesimulator/MaeuseControls.appex/en.lproj/Localizable.strings /Users/rafaeltoneto/Documents/TCC/ProjetosExternos/maeuse-ios/MaeuseControls/en.lproj/Localizable.strings (in target 'MaeuseControls' from project 'Maeuse')
    cd /Users/rafaeltoneto/Documents/TCC/ProjetosExternos/maeuse-ios
    builtin-copyStrings --validate --outputencoding binary --outfilename Localizable.strings --outdir /Users/rafaeltoneto/Documents/TCC/AvaliacaoBuild/maeuse-ios/Build/Products/Debug-iphonesimulator/MaeuseControls.appex/en.lproj -- /Users/rafaeltoneto/Documents/TCC/ProjetosExternos/maeuse-ios/MaeuseControls/en.lproj/Localizable.strings
/Users/rafaeltoneto/Documents/TCC/ProjetosExternos/maeuse-ios/MaeuseControls/en.lproj/Localizable.strings:1:1: note: detected encoding of input file as Unicode (UTF-8) (in target 'MaeuseControls' from project 'Maeuse')

CopyStringsFile /Users/rafaeltoneto/Documents/TCC/AvaliacaoBuild/maeuse-ios/Build/Products/Debug-iphonesimulator/MaeuseControls.appex/de.lproj/Localizable.strings /Users/rafaeltoneto/Documents/TCC/ProjetosExternos/maeuse-ios/MaeuseControls/de.lproj/Localizable.strings (in target 'MaeuseControls' from project 'Maeuse')
    cd /Users/rafaeltoneto/Documents/TCC/ProjetosExternos/maeuse-ios
    builtin-copyStrings --validate --outputencoding binary --outfilename Localizable.strings --outdir /Users/rafaeltoneto/Documents/TCC/AvaliacaoBuild/maeuse-ios/Build/Products/Debug-iphonesimulator/MaeuseControls.appex/de.lproj -- /Users/rafaeltoneto/Documents/TCC/ProjetosExternos/maeuse-ios/MaeuseControls/de.lproj/Localizable.strings
/Users/rafaeltoneto/Documents/TCC/ProjetosExternos/maeuse-ios/MaeuseControls/de.lproj/Localizable.strings:1:1: note: detected encoding of input file as Unicode (UTF-8) (in target 'MaeuseControls' from project 'Maeuse')

CompileAssetCatalogVariant thinned /Users/rafaeltoneto/Documents/TCC/AvaliacaoBuild/maeuse-ios/Build/Products/Debug-iphonesimulator/MaeuseControls.appex /Users/rafaeltoneto/Documents/TCC/ProjetosExternos/maeuse-ios/MaeuseControls/Assets.xcassets (in target 'MaeuseControls' from project 'Maeuse')
    cd /Users/rafaeltoneto/Documents/TCC/ProjetosExternos/maeuse-ios
    /Applications/Xcode.app/Contents/Developer/usr/bin/actool /Users/rafaeltoneto/Documents/TCC/ProjetosExternos/maeuse-ios/MaeuseControls/Assets.xcassets --compile /Users/rafaeltoneto/Documents/TCC/AvaliacaoBuild/maeuse-ios/Build/Intermediates.noindex/Maeuse.build/Debug-iphonesimulator/MaeuseControls.build/assetcatalog_output/thinned --output-format human-readable-text --notices --warnings --export-dependency-info /Users/rafaeltoneto/Documents/TCC/AvaliacaoBuild/maeuse-ios/Build/Intermediates.noindex/Maeuse.build/Debug-iphonesimulator/MaeuseControls.build/assetcatalog_dependencies_thinned --output-partial-info-plist /Users/rafaeltoneto/Documents/TCC/AvaliacaoBuild/maeuse-ios/Build/Intermediates.noindex/Maeuse.build/Debug-iphonesimulator/MaeuseControls.build/assetcatalog_generated_info.plist_thinned --accent-color AccentColor --compress-pngs --enable-on-demand-resources NO --standalone-icon-behavior all --development-region en --target-device iphone --minimum-deployment-target 18.0 --platform iphonesimulator
/* com.apple.actool.compilation-results */
/Users/rafaeltoneto/Documents/TCC/AvaliacaoBuild/maeuse-ios/Build/Intermediates.noindex/Maeuse.build/Debug-iphonesimulator/MaeuseControls.build/assetcatalog_generated_info.plist_thinned
/Users/rafaeltoneto/Documents/TCC/AvaliacaoBuild/maeuse-ios/Build/Intermediates.noindex/Maeuse.build/Debug-iphonesimulator/MaeuseControls.build/assetcatalog_output/thinned/Assets.car


SwiftDriver MaeuseControls normal x86_64 com.apple.xcode.tools.swift.compiler (in target 'MaeuseControls' from project 'Maeuse')
    cd /Users/rafaeltoneto/Documents/TCC/ProjetosExternos/maeuse-ios
    builtin-SwiftDriver -- /Applications/Xcode.app/Contents/Developer/Toolchains/XcodeDefault.xctoolchain/usr/bin/swiftc -module-name MaeuseControls -O @/Users/rafaeltoneto/Documents/TCC/AvaliacaoBuild/maeuse-ios/Build/Intermediates.noindex/Maeuse.build/Debug-iphonesimulator/MaeuseControls.build/Objects-normal/x86_64/MaeuseControls.SwiftFileList -enable-upcoming-feature StrictConcurrency -enable-bare-slash-regex -enable-experimental-feature DebugDescriptionMacro -sdk /Applications/Xcode.app/Contents/Developer/Platforms/iPhoneSimulator.platform/Developer/SDKs/iPhoneSimulator27.0.sdk -target x86_64-apple-ios18.0-simulator -g -module-cache-path /Users/rafaeltoneto/Documents/TCC/AvaliacaoBuild/maeuse-ios/ModuleCache.noindex -Xfrontend -serialize-debugging-options -application-extension -profile-coverage-mapping -profile-generate -enable-testing -Xcc -D_LIBCPP_HARDENING_MODE\=_LIBCPP_HARDENING_MODE_DEBUG -swift-version 5 -I /Users/rafaeltoneto/Documents/TCC/AvaliacaoBuild/maeuse-ios/Build/Products/Debug-iphonesimulator -F /Users/rafaeltoneto/Documents/TCC/AvaliacaoBuild/maeuse-ios/Build/Products/Debug-iphonesimulator -emit-localized-strings -emit-localized-strings-path /Users/rafaeltoneto/Documents/TCC/AvaliacaoBuild/maeuse-ios/Build/Intermediates.noindex/Maeuse.build/Debug-iphonesimulator/MaeuseControls.build/Objects-normal/x86_64 -c -j10 -enable-batch-mode -incremental -Xcc -ivfsstatcache -Xcc /Users/rafaeltoneto/Documents/TCC/AvaliacaoBuild/maeuse-ios/SDKStatCaches.noindex/iphonesimulator27.0-24A430-8dc58220667be655e1bcc261a7455254.sdkstatcache -output-file-map /Users/rafaeltoneto/Documents/TCC/AvaliacaoBuild/maeuse-ios/Build/Intermediates.noindex/Maeuse.build/Debug-iphonesimulator/MaeuseControls.build/Objects-normal/x86_64/MaeuseControls-OutputFileMap.json -save-temps -no-color-diagnostics -explicit-module-build -module-cache-path /Users/rafaeltoneto/Documents/TCC/AvaliacaoBuild/maeuse-ios/Build/Intermediates.noindex/SwiftExplicitPrecompiledModules -clang-scanner-module-cache-path /Users/rafaeltoneto/Documents/TCC/AvaliacaoBuild/maeuse-ios/ModuleCache.noindex -sdk-module-cache-path /Users/rafaeltoneto/Documents/TCC/AvaliacaoBuild/maeuse-ios/SDKExplicitPrecompiledModules -emit-dependencies -emit-module -emit-module-path /Users/rafaeltoneto/Documents/TCC/AvaliacaoBuild/maeuse-ios/Build/Intermediates.noindex/Maeuse.build/Debug-iphonesimulator/MaeuseControls.build/Objects-normal/x86_64/MaeuseControls.swiftmodule -serialize-diagnostics -dependency-scan-serialize-diagnostics-path /Users/rafaeltoneto/Documents/TCC/AvaliacaoBuild/maeuse-ios/Build/Intermediates.noindex/Maeuse.build/Debug-iphonesimulator/MaeuseControls.build/Objects-normal/x86_64/MaeuseControls-dependency-scan.dia -validate-clang-modules-once -clang-build-session-file /Users/rafaeltoneto/Documents/TCC/AvaliacaoBuild/maeuse-ios/ModuleCache.noindex/Session.modulevalidation -Xcc -fmodules-prune-interval\=86400 -Xcc -fmodules-prune-after\=345600 -emit-const-values -const-gather-protocols-list /Users/rafaeltoneto/Documents/TCC/AvaliacaoBuild/maeuse-ios/Build/Intermediates.noindex/Maeuse.build/Debug-iphonesimulator/MaeuseControls.build/Objects-normal/x86_64/MaeuseControls_const_extract_protocols.json -Xcc -iquote -Xcc /Users/rafaeltoneto/Documents/TCC/AvaliacaoBuild/maeuse-ios/Build/Intermediates.noindex/Maeuse.build/Debug-iphonesimulator/MaeuseControls.build/MaeuseControls-generated-files.hmap -Xcc -I/Users/rafaeltoneto/Documents/TCC/AvaliacaoBuild/maeuse-ios/Build/Intermediates.noindex/Maeuse.build/Debug-iphonesimulator/MaeuseControls.build/MaeuseControls-own-target-headers.hmap -Xcc -I/Users/rafaeltoneto/Documents/TCC/AvaliacaoBuild/maeuse-ios/Build/Intermediates.noindex/Maeuse.build/Debug-iphonesimulator/MaeuseControls.build/MaeuseControls-all-target-headers.hmap -Xcc -iquote -Xcc /Users/rafaeltoneto/Documents/TCC/AvaliacaoBuild/maeuse-ios/Build/Intermediates.noindex/Maeuse.build/Debug-iphonesimulator/MaeuseControls.build/MaeuseControls-project-headers.hmap -Xcc -I/Users/rafaeltoneto/Documents/TCC/AvaliacaoBuild/maeuse-ios/Build/Products/Debug-iphonesimulator/include -Xcc -I/Users/rafaeltoneto/Documents/TCC/AvaliacaoBuild/maeuse-ios/Build/Intermediates.noindex/Maeuse.build/Debug-iphonesimulator/MaeuseControls.build/DerivedSources-normal/x86_64 -Xcc -I/Users/rafaeltoneto/Documents/TCC/AvaliacaoBuild/maeuse-ios/Build/Intermediates.noindex/Maeuse.build/Debug-iphonesimulator/MaeuseControls.build/DerivedSources/x86_64 -Xcc -I/Users/rafaeltoneto/Documents/TCC/AvaliacaoBuild/maeuse-ios/Build/Intermediates.noindex/Maeuse.build/Debug-iphonesimulator/MaeuseControls.build/DerivedSources -Xcc -DDEBUG\=1 -emit-objc-header -emit-objc-header-path /Users/rafaeltoneto/Documents/TCC/AvaliacaoBuild/maeuse-ios/Build/Intermediates.noindex/Maeuse.build/Debug-iphonesimulator/MaeuseControls.build/Objects-normal/x86_64/MaeuseControls-Swift.h -working-directory /Users/rafaeltoneto/Documents/TCC/ProjetosExternos/maeuse-ios -experimental-emit-module-separately -disable-cmo

SwiftDriver MaeuseControls normal arm64 com.apple.xcode.tools.swift.compiler (in target 'MaeuseControls' from project 'Maeuse')
    cd /Users/rafaeltoneto/Documents/TCC/ProjetosExternos/maeuse-ios
    builtin-SwiftDriver -- /Applications/Xcode.app/Contents/Developer/Toolchains/XcodeDefault.xctoolchain/usr/bin/swiftc -module-name MaeuseControls -O @/Users/rafaeltoneto/Documents/TCC/AvaliacaoBuild/maeuse-ios/Build/Intermediates.noindex/Maeuse.build/Debug-iphonesimulator/MaeuseControls.build/Objects-normal/arm64/MaeuseControls.SwiftFileList -enable-upcoming-feature StrictConcurrency -enable-bare-slash-regex -enable-experimental-feature DebugDescriptionMacro -sdk /Applications/Xcode.app/Contents/Developer/Platforms/iPhoneSimulator.platform/Developer/SDKs/iPhoneSimulator27.0.sdk -target arm64-apple-ios18.0-simulator -g -module-cache-path /Users/rafaeltoneto/Documents/TCC/AvaliacaoBuild/maeuse-ios/ModuleCache.noindex -Xfrontend -serialize-debugging-options -application-extension -profile-coverage-mapping -profile-generate -enable-testing -Xcc -D_LIBCPP_HARDENING_MODE\=_LIBCPP_HARDENING_MODE_DEBUG -swift-version 5 -I /Users/rafaeltoneto/Documents/TCC/AvaliacaoBuild/maeuse-ios/Build/Products/Debug-iphonesimulator -F /Users/rafaeltoneto/Documents/TCC/AvaliacaoBuild/maeuse-ios/Build/Products/Debug-iphonesimulator -emit-localized-strings -emit-localized-strings-path /Users/rafaeltoneto/Documents/TCC/AvaliacaoBuild/maeuse-ios/Build/Intermediates.noindex/Maeuse.build/Debug-iphonesimulator/MaeuseControls.build/Objects-normal/arm64 -c -j10 -enable-batch-mode -incremental -Xcc -ivfsstatcache -Xcc /Users/rafaeltoneto/Documents/TCC/AvaliacaoBuild/maeuse-ios/SDKStatCaches.noindex/iphonesimulator27.0-24A430-8dc58220667be655e1bcc261a7455254.sdkstatcache -output-file-map /Users/rafaeltoneto/Documents/TCC/AvaliacaoBuild/maeuse-ios/Build/Intermediates.noindex/Maeuse.build/Debug-iphonesimulator/MaeuseControls.build/Objects-normal/arm64/MaeuseControls-OutputFileMap.json -save-temps -no-color-diagnostics -explicit-module-build -module-cache-path /Users/rafaeltoneto/Documents/TCC/AvaliacaoBuild/maeuse-ios/Build/Intermediates.noindex/SwiftExplicitPrecompiledModules -clang-scanner-module-cache-path /Users/rafaeltoneto/Documents/TCC/AvaliacaoBuild/maeuse-ios/ModuleCache.noindex -sdk-module-cache-path /Users/rafaeltoneto/Documents/TCC/AvaliacaoBuild/maeuse-ios/SDKExplicitPrecompiledModules -emit-dependencies -emit-module -emit-module-path /Users/rafaeltoneto/Documents/TCC/AvaliacaoBuild/maeuse-ios/Build/Intermediates.noindex/Maeuse.build/Debug-iphonesimulator/MaeuseControls.build/Objects-normal/arm64/MaeuseControls.swiftmodule -serialize-diagnostics -dependency-scan-serialize-diagnostics-path /Users/rafaeltoneto/Documents/TCC/AvaliacaoBuild/maeuse-ios/Build/Intermediates.noindex/Maeuse.build/Debug-iphonesimulator/MaeuseControls.build/Objects-normal/arm64/MaeuseControls-dependency-scan.dia -validate-clang-modules-once -clang-build-session-file /Users/rafaeltoneto/Documents/TCC/AvaliacaoBuild/maeuse-ios/ModuleCache.noindex/Session.modulevalidation -Xcc -fmodules-prune-interval\=86400 -Xcc -fmodules-prune-after\=345600 -emit-const-values -const-gather-protocols-list /Users/rafaeltoneto/Documents/TCC/AvaliacaoBuild/maeuse-ios/Build/Intermediates.noindex/Maeuse.build/Debug-iphonesimulator/MaeuseControls.build/Objects-normal/arm64/MaeuseControls_const_extract_protocols.json -Xcc -iquote -Xcc /Users/rafaeltoneto/Documents/TCC/AvaliacaoBuild/maeuse-ios/Build/Intermediates.noindex/Maeuse.build/Debug-iphonesimulator/MaeuseControls.build/MaeuseControls-generated-files.hmap -Xcc -I/Users/rafaeltoneto/Documents/TCC/AvaliacaoBuild/maeuse-ios/Build/Intermediates.noindex/Maeuse.build/Debug-iphonesimulator/MaeuseControls.build/MaeuseControls-own-target-headers.hmap -Xcc -I/Users/rafaeltoneto/Documents/TCC/AvaliacaoBuild/maeuse-ios/Build/Intermediates.noindex/Maeuse.build/Debug-iphonesimulator/MaeuseControls.build/MaeuseControls-all-target-headers.hmap -Xcc -iquote -Xcc /Users/rafaeltoneto/Documents/TCC/AvaliacaoBuild/maeuse-ios/Build/Intermediates.noindex/Maeuse.build/Debug-iphonesimulator/MaeuseControls.build/MaeuseControls-project-headers.hmap -Xcc -I/Users/rafaeltoneto/Documents/TCC/AvaliacaoBuild/maeuse-ios/Build/Products/Debug-iphonesimulator/include -Xcc -I/Users/rafaeltoneto/Documents/TCC/AvaliacaoBuild/maeuse-ios/Build/Intermediates.noindex/Maeuse.build/Debug-iphonesimulator/MaeuseControls.build/DerivedSources-normal/arm64 -Xcc -I/Users/rafaeltoneto/Documents/TCC/AvaliacaoBuild/maeuse-ios/Build/Intermediates.noindex/Maeuse.build/Debug-iphonesimulator/MaeuseControls.build/DerivedSources/arm64 -Xcc -I/Users/rafaeltoneto/Documents/TCC/AvaliacaoBuild/maeuse-ios/Build/Intermediates.noindex/Maeuse.build/Debug-iphonesimulator/MaeuseControls.build/DerivedSources -Xcc -DDEBUG\=1 -emit-objc-header -emit-objc-header-path /Users/rafaeltoneto/Documents/TCC/AvaliacaoBuild/maeuse-ios/Build/Intermediates.noindex/Maeuse.build/Debug-iphonesimulator/MaeuseControls.build/Objects-normal/arm64/MaeuseControls-Swift.h -working-directory /Users/rafaeltoneto/Documents/TCC/ProjetosExternos/maeuse-ios -experimental-emit-module-separately -disable-cmo

LinkAssetCatalog /Users/rafaeltoneto/Documents/TCC/ProjetosExternos/maeuse-ios/MaeuseControls/Assets.xcassets (in target 'MaeuseControls' from project 'Maeuse')
    cd /Users/rafaeltoneto/Documents/TCC/ProjetosExternos/maeuse-ios
    builtin-linkAssetCatalog --thinned /Users/rafaeltoneto/Documents/TCC/AvaliacaoBuild/maeuse-ios/Build/Intermediates.noindex/Maeuse.build/Debug-iphonesimulator/MaeuseControls.build/assetcatalog_output/thinned --thinned-dependencies /Users/rafaeltoneto/Documents/TCC/AvaliacaoBuild/maeuse-ios/Build/Intermediates.noindex/Maeuse.build/Debug-iphonesimulator/MaeuseControls.build/assetcatalog_dependencies_thinned --thinned-info-plist-content /Users/rafaeltoneto/Documents/TCC/AvaliacaoBuild/maeuse-ios/Build/Intermediates.noindex/Maeuse.build/Debug-iphonesimulator/MaeuseControls.build/assetcatalog_generated_info.plist_thinned --unthinned /Users/rafaeltoneto/Documents/TCC/AvaliacaoBuild/maeuse-ios/Build/Intermediates.noindex/Maeuse.build/Debug-iphonesimulator/MaeuseControls.build/assetcatalog_output/unthinned --unthinned-dependencies /Users/rafaeltoneto/Documents/TCC/AvaliacaoBuild/maeuse-ios/Build/Intermediates.noindex/Maeuse.build/Debug-iphonesimulator/MaeuseControls.build/assetcatalog_dependencies_unthinned --unthinned-info-plist-content /Users/rafaeltoneto/Documents/TCC/AvaliacaoBuild/maeuse-ios/Build/Intermediates.noindex/Maeuse.build/Debug-iphonesimulator/MaeuseControls.build/assetcatalog_generated_info.plist_unthinned --output /Users/rafaeltoneto/Documents/TCC/AvaliacaoBuild/maeuse-ios/Build/Products/Debug-iphonesimulator/MaeuseControls.appex --plist-output /Users/rafaeltoneto/Documents/TCC/AvaliacaoBuild/maeuse-ios/Build/Intermediates.noindex/Maeuse.build/Debug-iphonesimulator/MaeuseControls.build/assetcatalog_generated_info.plist
note: Emplaced /Users/rafaeltoneto/Documents/TCC/AvaliacaoBuild/maeuse-ios/Build/Products/Debug-iphonesimulator/MaeuseControls.appex/Assets.car (in target 'MaeuseControls' from project 'Maeuse')

ProcessInfoPlistFile /Users/rafaeltoneto/Documents/TCC/AvaliacaoBuild/maeuse-ios/Build/Products/Debug-iphonesimulator/MaeuseControls.appex/Info.plist /Users/rafaeltoneto/Documents/TCC/ProjetosExternos/maeuse-ios/MaeuseControls/Info.plist (in target 'MaeuseControls' from project 'Maeuse')
    cd /Users/rafaeltoneto/Documents/TCC/ProjetosExternos/maeuse-ios
    builtin-infoPlistUtility /Users/rafaeltoneto/Documents/TCC/ProjetosExternos/maeuse-ios/MaeuseControls/Info.plist -producttype com.apple.product-type.app-extension -expandbuildsettings -format binary -platform iphonesimulator -additionalcontentfile /Users/rafaeltoneto/Documents/TCC/AvaliacaoBuild/maeuse-ios/Build/Intermediates.noindex/Maeuse.build/Debug-iphonesimulator/MaeuseControls.build/assetcatalog_generated_info.plist -o /Users/rafaeltoneto/Documents/TCC/AvaliacaoBuild/maeuse-ios/Build/Products/Debug-iphonesimulator/MaeuseControls.appex/Info.plist

SwiftExplicitDependencyGeneratePcm x86_64 /Users/rafaeltoneto/Documents/TCC/AvaliacaoBuild/maeuse-ios/SDKExplicitPrecompiledModules/ptrcheck-AV3V90G5O6SMGOT42X55136DT.pcm

SwiftExplicitDependencyGeneratePcm x86_64 /Users/rafaeltoneto/Documents/TCC/AvaliacaoBuild/maeuse-ios/SDKExplicitPrecompiledModules/_Builtin_stddef-B1HJ2PVTJ6D5NSL4O1JGSY6RW.pcm

SwiftExplicitDependencyGeneratePcm x86_64 /Users/rafaeltoneto/Documents/TCC/AvaliacaoBuild/maeuse-ios/SDKExplicitPrecompiledModules/_AvailabilityInternal-CQHSVI3T7J1GNO83Z1R3O9FTT.pcm

SwiftExplicitDependencyGeneratePcm x86_64 /Users/rafaeltoneto/Documents/TCC/AvaliacaoBuild/maeuse-ios/SDKExplicitPrecompiledModules/SwiftShims-8HMZNTX569S7WFBNU4OY3XZ1F.pcm

SwiftExplicitDependencyGeneratePcm x86_64 /Users/rafaeltoneto/Documents/TCC/AvaliacaoBuild/maeuse-ios/SDKExplicitPrecompiledModules/_SwiftConcurrencyShims-1MO2VU6PH17ZBJLXBKNV6ED6Q.pcm

SwiftExplicitDependencyGeneratePcm x86_64 /Users/rafaeltoneto/Documents/TCC/AvaliacaoBuild/maeuse-ios/SDKExplicitPrecompiledModules/DeveloperToolsSupport-851UJMC1Y3HATYZPMH5GWMGNA.pcm

SwiftExplicitDependencyGeneratePcm x86_64 /Users/rafaeltoneto/Documents/TCC/AvaliacaoBuild/maeuse-ios/SDKExplicitPrecompiledModules/ActivityKit-5WMU5WR06XPBFRNNVJVS0V7WC.pcm

SwiftExplicitDependencyGeneratePcm x86_64 /Users/rafaeltoneto/Documents/TCC/AvaliacaoBuild/maeuse-ios/SDKExplicitPrecompiledModules/_Builtin_float-CG5Y5D185CMK20D4N1ZL7TP72.pcm

SwiftExplicitDependencyGeneratePcm x86_64 /Users/rafaeltoneto/Documents/TCC/AvaliacaoBuild/maeuse-ios/SDKExplicitPrecompiledModules/ptrauth-9ZYK7UI3MMDCZII5EXKD8YOXA.pcm

SwiftExplicitDependencyGeneratePcm x86_64 /Users/rafaeltoneto/Documents/TCC/AvaliacaoBuild/maeuse-ios/SDKExplicitPrecompiledModules/_Builtin_stdbool-E46C74MWVPM0RMGCYYMK0RY3R.pcm

SwiftExplicitDependencyGeneratePcm arm64 /Users/rafaeltoneto/Documents/TCC/AvaliacaoBuild/maeuse-ios/SDKExplicitPrecompiledModules/_AvailabilityInternal-BVQAMTGCSXH098MNX61SS81T6.pcm

SwiftExplicitDependencyGeneratePcm arm64 /Users/rafaeltoneto/Documents/TCC/AvaliacaoBuild/maeuse-ios/SDKExplicitPrecompiledModules/ptrcheck-EIOMD6NOVHGU56QXGJS0C0399.pcm

SwiftExplicitDependencyGeneratePcm arm64 /Users/rafaeltoneto/Documents/TCC/AvaliacaoBuild/maeuse-ios/SDKExplicitPrecompiledModules/_Builtin_float-77L11J0KED4OZTO5NGVG20KF1.pcm

SwiftExplicitDependencyGeneratePcm arm64 /Users/rafaeltoneto/Documents/TCC/AvaliacaoBuild/maeuse-ios/SDKExplicitPrecompiledModules/_Builtin_stdbool-5W9CL3FIK99S5YJMRW1FHN37Q.pcm

SwiftExplicitDependencyGeneratePcm arm64 /Users/rafaeltoneto/Documents/TCC/AvaliacaoBuild/maeuse-ios/SDKExplicitPrecompiledModules/_SwiftConcurrencyShims-5VEPJRVCOXXQON6NPCJ9EF06H.pcm

SwiftExplicitDependencyGeneratePcm arm64 /Users/rafaeltoneto/Documents/TCC/AvaliacaoBuild/maeuse-ios/SDKExplicitPrecompiledModules/_Builtin_stdarg-38OD6DV3GWNM3MGDV0UD81AIZ.pcm

SwiftExplicitDependencyGeneratePcm arm64 /Users/rafaeltoneto/Documents/TCC/AvaliacaoBuild/maeuse-ios/SDKExplicitPrecompiledModules/SwiftShims-5KSQR0SQJK7X6HAR4Y7282RO.pcm

SwiftExplicitDependencyGeneratePcm arm64 /Users/rafaeltoneto/Documents/TCC/AvaliacaoBuild/maeuse-ios/SDKExplicitPrecompiledModules/ptrauth-4N4V553A0QWHDZU5UHHLZ9YLH.pcm

SwiftExplicitDependencyGeneratePcm arm64 /Users/rafaeltoneto/Documents/TCC/AvaliacaoBuild/maeuse-ios/SDKExplicitPrecompiledModules/ActivityKit-52MINU4ZMTW9P9OGKON6NLBCN.pcm

SwiftExplicitDependencyGeneratePcm x86_64 /Users/rafaeltoneto/Documents/TCC/AvaliacaoBuild/maeuse-ios/SDKExplicitPrecompiledModules/_Builtin_stdarg-9L1PJ0HS2CB8TW4KVR2JP1U38.pcm

SwiftExplicitDependencyGeneratePcm x86_64 /Users/rafaeltoneto/Documents/TCC/AvaliacaoBuild/maeuse-ios/SDKExplicitPrecompiledModules/_DarwinFoundation1-85F2YCKBWW33210X7OT0KF4LN.pcm

SwiftExplicitDependencyGeneratePcm arm64 /Users/rafaeltoneto/Documents/TCC/AvaliacaoBuild/maeuse-ios/SDKExplicitPrecompiledModules/DeveloperToolsSupport-E4FMYANBLXQ6ZO2X9NIA07FGK.pcm

SwiftExplicitDependencyGeneratePcm arm64 /Users/rafaeltoneto/Documents/TCC/AvaliacaoBuild/maeuse-ios/SDKExplicitPrecompiledModules/_Builtin_stddef-1FO4UR3SUO0A1AU6F565LAV03.pcm

SwiftExplicitDependencyGeneratePcm arm64 /Users/rafaeltoneto/Documents/TCC/AvaliacaoBuild/maeuse-ios/SDKExplicitPrecompiledModules/_DarwinFoundation1-7379FU7W5QJXXZUC7H9N4RPEV.pcm

SwiftExplicitDependencyGeneratePcm x86_64 /Users/rafaeltoneto/Documents/TCC/AvaliacaoBuild/maeuse-ios/SDKExplicitPrecompiledModules/ExtensionFoundation-42I0V5K3JQRI7W1ZTCLO06WQM.pcm

SwiftExplicitDependencyGeneratePcm x86_64 /Users/rafaeltoneto/Documents/TCC/AvaliacaoBuild/maeuse-ios/SDKExplicitPrecompiledModules/_Builtin_limits-AAQAISJ3S5W3FMKIY7E17IC2W.pcm

SwiftExplicitDependencyGeneratePcm x86_64 /Users/rafaeltoneto/Documents/TCC/AvaliacaoBuild/maeuse-ios/SDKExplicitPrecompiledModules/_DarwinFoundation2-330RHEAEIXW8QGS61YVB73WA5.pcm

SwiftExplicitDependencyGeneratePcm arm64 /Users/rafaeltoneto/Documents/TCC/AvaliacaoBuild/maeuse-ios/SDKExplicitPrecompiledModules/_DarwinFoundation2-D76EZUY3Z6Y1XPB05V85EKFNG.pcm

SwiftExplicitDependencyGeneratePcm arm64 /Users/rafaeltoneto/Documents/TCC/AvaliacaoBuild/maeuse-ios/SDKExplicitPrecompiledModules/ExtensionFoundation-5P2LGYRTDQJ9HUBNIMPA6TH9W.pcm

SwiftExplicitDependencyGeneratePcm arm64 /Users/rafaeltoneto/Documents/TCC/AvaliacaoBuild/maeuse-ios/SDKExplicitPrecompiledModules/_Builtin_limits-EIFBS3PLCCC7OMKOLPNTDY16Y.pcm

SwiftExplicitDependencyGeneratePcm x86_64 /Users/rafaeltoneto/Documents/TCC/AvaliacaoBuild/maeuse-ios/SDKExplicitPrecompiledModules/string_h-8HVERQ1JZDTKJSBDYCAY2S2UA.pcm

SwiftExplicitDependencyGeneratePcm x86_64 /Users/rafaeltoneto/Documents/TCC/AvaliacaoBuild/maeuse-ios/SDKExplicitPrecompiledModules/_Builtin_stdint-F3M4ZPJC8KLLWBM6YFZLW6YUP.pcm

SwiftExplicitDependencyGeneratePcm x86_64 /Users/rafaeltoneto/Documents/TCC/AvaliacaoBuild/maeuse-ios/SDKExplicitPrecompiledModules/_Builtin_tgmath-33ZAZVY4FQI1YMOPYLJS5145X.pcm

SwiftExplicitDependencyGeneratePcm x86_64 /Users/rafaeltoneto/Documents/TCC/AvaliacaoBuild/maeuse-ios/SDKExplicitPrecompiledModules/sys_types-3YEJ853Y38U83B6RU5WVYI53N.pcm

SwiftExplicitDependencyGeneratePcm arm64 /Users/rafaeltoneto/Documents/TCC/AvaliacaoBuild/maeuse-ios/SDKExplicitPrecompiledModules/_Builtin_stdint-A3FQYFD3PX2MDQMKD7M4TN7IY.pcm

SwiftExplicitDependencyGeneratePcm arm64 /Users/rafaeltoneto/Documents/TCC/AvaliacaoBuild/maeuse-ios/SDKExplicitPrecompiledModules/_Builtin_tgmath-61WAKLODHS85DFBUGNESGD77F.pcm

SwiftExplicitDependencyGeneratePcm arm64 /Users/rafaeltoneto/Documents/TCC/AvaliacaoBuild/maeuse-ios/SDKExplicitPrecompiledModules/string_h-7JFHNUWGCIBFY3UXZU2AVM8WC.pcm

SwiftExplicitDependencyGeneratePcm arm64 /Users/rafaeltoneto/Documents/TCC/AvaliacaoBuild/maeuse-ios/SDKExplicitPrecompiledModules/sys_types-5OB756CXEYGLLJ48SQKKT6VLK.pcm

SwiftExplicitDependencyGeneratePcm x86_64 /Users/rafaeltoneto/Documents/TCC/AvaliacaoBuild/maeuse-ios/SDKExplicitPrecompiledModules/_DarwinFoundation3-5FV3BU4L04U6XAHX8FZ4GDZW1.pcm

SwiftExplicitDependencyGeneratePcm x86_64 /Users/rafaeltoneto/Documents/TCC/AvaliacaoBuild/maeuse-ios/SDKExplicitPrecompiledModules/_Builtin_stdatomic-BY9MIYGCX096ZVASYAM7H9DXU.pcm

SwiftExplicitDependencyGeneratePcm arm64 /Users/rafaeltoneto/Documents/TCC/AvaliacaoBuild/maeuse-ios/SDKExplicitPrecompiledModules/_Builtin_stdatomic-2ECC89ME24QXPZ7LWD7H9GLMT.pcm

SwiftExplicitDependencyGeneratePcm arm64 /Users/rafaeltoneto/Documents/TCC/AvaliacaoBuild/maeuse-ios/SDKExplicitPrecompiledModules/_DarwinFoundation3-D2AWOMYYRG45MW122VT9B1VC.pcm

SwiftExplicitDependencyGeneratePcm arm64 /Users/rafaeltoneto/Documents/TCC/AvaliacaoBuild/maeuse-ios/SDKExplicitPrecompiledModules/_Builtin_intrinsics-6A6038SMUF4LNSH9MQ4FZON6H.pcm

SwiftExplicitDependencyGeneratePcm x86_64 /Users/rafaeltoneto/Documents/TCC/AvaliacaoBuild/maeuse-ios/SDKExplicitPrecompiledModules/_Builtin_intrinsics-2KWXMGL06JHLC0MQZ30JBPZ9R.pcm

SwiftExplicitDependencyGeneratePcm x86_64 /Users/rafaeltoneto/Documents/TCC/AvaliacaoBuild/maeuse-ios/SDKExplicitPrecompiledModules/_Builtin_inttypes-BQVI79ZVM3RSQWZ0D6YMCF45C.pcm

SwiftExplicitDependencyGeneratePcm arm64 /Users/rafaeltoneto/Documents/TCC/AvaliacaoBuild/maeuse-ios/SDKExplicitPrecompiledModules/_Builtin_inttypes-3SVUXO4UPT5L9ZK9TN85XGWGQ.pcm

SwiftExplicitDependencyGeneratePcm x86_64 /Users/rafaeltoneto/Documents/TCC/AvaliacaoBuild/maeuse-ios/SDKExplicitPrecompiledModules/Darwin-10I9Y230DDEE8DITQCEQGN1CJ.pcm

SwiftExplicitDependencyGeneratePcm arm64 /Users/rafaeltoneto/Documents/TCC/AvaliacaoBuild/maeuse-ios/SDKExplicitPrecompiledModules/Darwin-B29U38E3C9R9239G3VNTI6YW8.pcm

SwiftExplicitDependencyGeneratePcm arm64 /Users/rafaeltoneto/Documents/TCC/AvaliacaoBuild/maeuse-ios/SDKExplicitPrecompiledModules/simd-71MEI438QVBGW2OJZPVGP64JF.pcm

SwiftExplicitDependencyGeneratePcm x86_64 /Users/rafaeltoneto/Documents/TCC/AvaliacaoBuild/maeuse-ios/SDKExplicitPrecompiledModules/simd-4YZ5FR1VR1TNX9UGCPW6FXB6O.pcm

SwiftExplicitDependencyGeneratePcm x86_64 /Users/rafaeltoneto/Documents/TCC/AvaliacaoBuild/maeuse-ios/SDKExplicitPrecompiledModules/ObjectiveC-47V1HOOZH4V4SKJT8QORJGMWX.pcm

SwiftExplicitDependencyGeneratePcm x86_64 /Users/rafaeltoneto/Documents/TCC/AvaliacaoBuild/maeuse-ios/SDKExplicitPrecompiledModules/MachO-31GD1IQQ0K6AT6PZVQG5YHWTP.pcm

SwiftExplicitDependencyGeneratePcm arm64 /Users/rafaeltoneto/Documents/TCC/AvaliacaoBuild/maeuse-ios/SDKExplicitPrecompiledModules/ObjectiveC-ILK9FDU6CGX1M4IIN4URXUNK.pcm

SwiftExplicitDependencyGeneratePcm arm64 /Users/rafaeltoneto/Documents/TCC/AvaliacaoBuild/maeuse-ios/SDKExplicitPrecompiledModules/MachO-3LI121QGDYC3YC0OEKMHF151D.pcm

SwiftExplicitDependencyGeneratePcm x86_64 /Users/rafaeltoneto/Documents/TCC/AvaliacaoBuild/maeuse-ios/SDKExplicitPrecompiledModules/os_object-CUYH4SG81FKRYW2AXRPDPKY6I.pcm

SwiftExplicitDependencyGeneratePcm arm64 /Users/rafaeltoneto/Documents/TCC/AvaliacaoBuild/maeuse-ios/SDKExplicitPrecompiledModules/os_object-XCME11WIDADLM355XO521IH1.pcm

SwiftExplicitDependencyGeneratePcm x86_64 /Users/rafaeltoneto/Documents/TCC/AvaliacaoBuild/maeuse-ios/SDKExplicitPrecompiledModules/os_workgroup-E7W3BJ3NTEPCAQDC879282HZJ.pcm

SwiftExplicitDependencyGeneratePcm arm64 /Users/rafaeltoneto/Documents/TCC/AvaliacaoBuild/maeuse-ios/SDKExplicitPrecompiledModules/os_workgroup-912WLETX8UFVTROJ37MTT8T44.pcm

SwiftExplicitDependencyGeneratePcm x86_64 /Users/rafaeltoneto/Documents/TCC/AvaliacaoBuild/maeuse-ios/SDKExplicitPrecompiledModules/Dispatch-50PWMQBQ3R9HY48W6FQ8KFUSW.pcm

SwiftExplicitDependencyGeneratePcm arm64 /Users/rafaeltoneto/Documents/TCC/AvaliacaoBuild/maeuse-ios/SDKExplicitPrecompiledModules/Dispatch-3CFA0SJ822ARE4H5S9K1FLCRK.pcm

SwiftExplicitDependencyGeneratePcm arm64 /Users/rafaeltoneto/Documents/TCC/AvaliacaoBuild/maeuse-ios/SDKExplicitPrecompiledModules/Spatial-4863BYQ52OO1K2OF4J8HVLJES.pcm

SwiftExplicitDependencyGeneratePcm x86_64 /Users/rafaeltoneto/Documents/TCC/AvaliacaoBuild/maeuse-ios/SDKExplicitPrecompiledModules/XPC-3APYID7DBF1U5FSA4YOSYH6KG.pcm

SwiftExplicitDependencyGeneratePcm x86_64 /Users/rafaeltoneto/Documents/TCC/AvaliacaoBuild/maeuse-ios/SDKExplicitPrecompiledModules/CoreFoundation-54K8P0FYPXOYCTXO3IIYKV7UP.pcm

SwiftExplicitDependencyGeneratePcm x86_64 /Users/rafaeltoneto/Documents/TCC/AvaliacaoBuild/maeuse-ios/SDKExplicitPrecompiledModules/dnssd-62RKHMN8T2PBIPA7DRVY7SF92.pcm

SwiftExplicitDependencyGeneratePcm arm64 /Users/rafaeltoneto/Documents/TCC/AvaliacaoBuild/maeuse-ios/SDKExplicitPrecompiledModules/dnssd-7J8QFZDD25NDBD45W0C5KF8OE.pcm

SwiftExplicitDependencyGeneratePcm arm64 /Users/rafaeltoneto/Documents/TCC/AvaliacaoBuild/maeuse-ios/SDKExplicitPrecompiledModules/CoreFoundation-7JCUMELTJIFRMNW1K0OUEPDAK.pcm

SwiftExplicitDependencyGeneratePcm arm64 /Users/rafaeltoneto/Documents/TCC/AvaliacaoBuild/maeuse-ios/SDKExplicitPrecompiledModules/XPC-1WL50OV6I9BIEQEPZZ6XH60ZX.pcm

SwiftExplicitDependencyGeneratePcm x86_64 /Users/rafaeltoneto/Documents/TCC/AvaliacaoBuild/maeuse-ios/SDKExplicitPrecompiledModules/os-3FS68LUO5JHAK5YS0PO6JQHU8.pcm

SwiftExplicitDependencyGeneratePcm arm64 /Users/rafaeltoneto/Documents/TCC/AvaliacaoBuild/maeuse-ios/SDKExplicitPrecompiledModules/os-BKC6AQWUUD7G245UGSF69YUIH.pcm

SwiftExplicitDependencyGeneratePcm x86_64 /Users/rafaeltoneto/Documents/TCC/AvaliacaoBuild/maeuse-ios/SDKExplicitPrecompiledModules/CoreAudioTypes-5GR39DVTEG5KOU0HUW2UVGC6Z.pcm

SwiftExplicitDependencyGeneratePcm x86_64 /Users/rafaeltoneto/Documents/TCC/AvaliacaoBuild/maeuse-ios/SDKExplicitPrecompiledModules/CoreGraphics-6IG58SMOXK6VQU6TL9H662HAH.pcm

SwiftExplicitDependencyGeneratePcm x86_64 /Users/rafaeltoneto/Documents/TCC/AvaliacaoBuild/maeuse-ios/SDKExplicitPrecompiledModules/CFNetwork-6A3085VW0WAC4B1ARTTUBG7FF.pcm

SwiftExplicitDependencyGeneratePcm x86_64 /Users/rafaeltoneto/Documents/TCC/AvaliacaoBuild/maeuse-ios/SDKExplicitPrecompiledModules/Security-DVHBWU2LE4DYTJ9WH3W85Y8BJ.pcm

SwiftExplicitDependencyGeneratePcm arm64 /Users/rafaeltoneto/Documents/TCC/AvaliacaoBuild/maeuse-ios/SDKExplicitPrecompiledModules/CoreAudioTypes-2VXHJWIKDY4T7VO88XY8V4XGJ.pcm

SwiftExplicitDependencyGeneratePcm arm64 /Users/rafaeltoneto/Documents/TCC/AvaliacaoBuild/maeuse-ios/SDKExplicitPrecompiledModules/CoreGraphics-651WV14FQF9EFEK803W7PDCK0.pcm

SwiftExplicitDependencyGeneratePcm arm64 /Users/rafaeltoneto/Documents/TCC/AvaliacaoBuild/maeuse-ios/SDKExplicitPrecompiledModules/Security-D141R947WLEAC93F623TMCXJH.pcm

SwiftExplicitDependencyGeneratePcm arm64 /Users/rafaeltoneto/Documents/TCC/AvaliacaoBuild/maeuse-ios/SDKExplicitPrecompiledModules/CFNetwork-6FQKS3NPVI4A7JW71672BVBB2.pcm

SwiftExplicitDependencyGeneratePcm arm64 /Users/rafaeltoneto/Documents/TCC/AvaliacaoBuild/maeuse-ios/SDKExplicitPrecompiledModules/CoreAudio-9U039AAZYNELHUOBUP5TQUTF6.pcm

SwiftExplicitDependencyGeneratePcm x86_64 /Users/rafaeltoneto/Documents/TCC/AvaliacaoBuild/maeuse-ios/SDKExplicitPrecompiledModules/CoreAudio-9R2IZ8T86KCDWFMJMPCPCLD71.pcm

SwiftExplicitDependencyGeneratePcm x86_64 /Users/rafaeltoneto/Documents/TCC/AvaliacaoBuild/maeuse-ios/SDKExplicitPrecompiledModules/Foundation-71GZK3VNGCANWSPN4CY0LINHC.pcm

SwiftExplicitDependencyGeneratePcm x86_64 /Users/rafaeltoneto/Documents/TCC/AvaliacaoBuild/maeuse-ios/SDKExplicitPrecompiledModules/ImageIO-8OMFNEZNLFCLHE80N0E225JTG.pcm

SwiftExplicitDependencyGeneratePcm x86_64 /Users/rafaeltoneto/Documents/TCC/AvaliacaoBuild/maeuse-ios/SDKExplicitPrecompiledModules/CoreText-5KBIYMBRQ9OKEKVWBW1KMV6JB.pcm

SwiftExplicitDependencyGeneratePcm arm64 /Users/rafaeltoneto/Documents/TCC/AvaliacaoBuild/maeuse-ios/SDKExplicitPrecompiledModules/Foundation-DSUVNQWUFERBOGI8ZW3NVZ140.pcm

SwiftExplicitDependencyGeneratePcm arm64 /Users/rafaeltoneto/Documents/TCC/AvaliacaoBuild/maeuse-ios/SDKExplicitPrecompiledModules/CoreText-2NTPLINVSPPC7YBNPCRM39IJ6.pcm

SwiftExplicitDependencyGeneratePcm arm64 /Users/rafaeltoneto/Documents/TCC/AvaliacaoBuild/maeuse-ios/SDKExplicitPrecompiledModules/ImageIO-58AMRTC9425233GWY7FBESWAI.pcm

SwiftExplicitDependencyGeneratePcm x86_64 /Users/rafaeltoneto/Documents/TCC/AvaliacaoBuild/maeuse-ios/SDKExplicitPrecompiledModules/Spatial-7D8EZCKEY4IQA7CVSS7P66F7D.pcm

SwiftExplicitDependencyGeneratePcm x86_64 /Users/rafaeltoneto/Documents/TCC/AvaliacaoBuild/maeuse-ios/SDKExplicitPrecompiledModules/RelevanceKit-2DROIAEALDZUT769CV8XHZ3GJ.pcm

SwiftExplicitDependencyGeneratePcm x86_64 /Users/rafaeltoneto/Documents/TCC/AvaliacaoBuild/maeuse-ios/SDKExplicitPrecompiledModules/Symbols-654FMU0G9EIYXZEGCYCXPJNT0.pcm

SwiftExplicitDependencyGeneratePcm x86_64 /Users/rafaeltoneto/Documents/TCC/AvaliacaoBuild/maeuse-ios/SDKExplicitPrecompiledModules/UserNotifications-6FUSD3MSXTV316WSQLQLQP0FS.pcm

SwiftExplicitDependencyGeneratePcm x86_64 /Users/rafaeltoneto/Documents/TCC/AvaliacaoBuild/maeuse-ios/SDKExplicitPrecompiledModules/AppIntentsTypeSupport-79UCWEKUTWSBSRNK3G2200MM5.pcm

SwiftExplicitDependencyGeneratePcm x86_64 /Users/rafaeltoneto/Documents/TCC/AvaliacaoBuild/maeuse-ios/SDKExplicitPrecompiledModules/OSLog-CHH7Z75C9WY359VQ2DDJ8ZVLM.pcm

SwiftExplicitDependencyGeneratePcm x86_64 /Users/rafaeltoneto/Documents/TCC/AvaliacaoBuild/maeuse-ios/SDKExplicitPrecompiledModules/CoreData-JFLT43WEJBQEMEDVZ327C1F8.pcm

SwiftExplicitDependencyGeneratePcm x86_64 /Users/rafaeltoneto/Documents/TCC/AvaliacaoBuild/maeuse-ios/SDKExplicitPrecompiledModules/UIUtilities-1CB7H7LEJEJPO911O434UWXTK.pcm

SwiftExplicitDependencyGeneratePcm x86_64 /Users/rafaeltoneto/Documents/TCC/AvaliacaoBuild/maeuse-ios/SDKExplicitPrecompiledModules/OpenGLES-78N2AFE9K1WAIH9ON5FPR2P31.pcm

SwiftExplicitDependencyGeneratePcm x86_64 /Users/rafaeltoneto/Documents/TCC/AvaliacaoBuild/maeuse-ios/SDKExplicitPrecompiledModules/_LocationEssentials-763ILZ0YBWNJUY9NIGGL1K3MB.pcm

SwiftExplicitDependencyGeneratePcm x86_64 /Users/rafaeltoneto/Documents/TCC/AvaliacaoBuild/maeuse-ios/SDKExplicitPrecompiledModules/AppIntents-5UUOZM9367N469PL0JYIQ1RK6.pcm

SwiftExplicitDependencyGeneratePcm x86_64 /Users/rafaeltoneto/Documents/TCC/AvaliacaoBuild/maeuse-ios/SDKExplicitPrecompiledModules/WidgetKit-1ZMQBN1R6YMLHBW4IPUMRHRMB.pcm

SwiftExplicitDependencyGeneratePcm x86_64 /Users/rafaeltoneto/Documents/TCC/AvaliacaoBuild/maeuse-ios/SDKExplicitPrecompiledModules/Network-1MOHNR9ZBFCECG4OITB7G9CVI.pcm

SwiftExplicitDependencyGeneratePcm x86_64 /Users/rafaeltoneto/Documents/TCC/AvaliacaoBuild/maeuse-ios/SDKExplicitPrecompiledModules/Accessibility-POLAVFJHOA1UCSLFUNN62BK4.pcm

SwiftExplicitDependencyGeneratePcm x86_64 /Users/rafaeltoneto/Documents/TCC/AvaliacaoBuild/maeuse-ios/SDKExplicitPrecompiledModules/CoreTransferable-J5DKHQ2YJNBX5FBIHPMESYDE.pcm

SwiftExplicitDependencyGeneratePcm x86_64 /Users/rafaeltoneto/Documents/TCC/AvaliacaoBuild/maeuse-ios/SDKExplicitPrecompiledModules/FileProvider-B7TPCALR4ZK5CJYP7R0AH7M7A.pcm

SwiftExplicitDependencyGeneratePcm x86_64 /Users/rafaeltoneto/Documents/TCC/AvaliacaoBuild/maeuse-ios/SDKExplicitPrecompiledModules/CoreLocation-83MT983VRSJA4B3T4TXCAMOQL.pcm

SwiftExplicitDependencyGeneratePcm x86_64 /Users/rafaeltoneto/Documents/TCC/AvaliacaoBuild/maeuse-ios/SDKExplicitPrecompiledModules/IOSurface-8YVQ7I0Q6T6G3R4JRRSEH509A.pcm

SwiftExplicitDependencyGeneratePcm x86_64 /Users/rafaeltoneto/Documents/TCC/AvaliacaoBuild/maeuse-ios/SDKExplicitPrecompiledModules/UniformTypeIdentifiers-AY8FJLFMDKDI1PXU6NPJO37IP.pcm

SwiftExplicitDependencyGeneratePcm x86_64 /Users/rafaeltoneto/Documents/TCC/AvaliacaoBuild/maeuse-ios/SDKExplicitPrecompiledModules/DataDetection-25VWSE5TTVB3MCUD2608FZUJC.pcm

SwiftExplicitDependencyGeneratePcm x86_64 /Users/rafaeltoneto/Documents/TCC/AvaliacaoBuild/maeuse-ios/SDKExplicitPrecompiledModules/CoreSpotlight-2VZGEN9JW2DZBY44SQKXVOEDB.pcm

SwiftExplicitDependencyGeneratePcm x86_64 /Users/rafaeltoneto/Documents/TCC/AvaliacaoBuild/maeuse-ios/SDKExplicitPrecompiledModules/Metal-7RYAJG5HP2CHFWDTYVTTG3AF3.pcm

SwiftExplicitDependencyGeneratePcm arm64 /Users/rafaeltoneto/Documents/TCC/AvaliacaoBuild/maeuse-ios/SDKExplicitPrecompiledModules/WidgetKit-3YT845JUAFLIRZFJJ69FU04OR.pcm

SwiftExplicitDependencyGeneratePcm arm64 /Users/rafaeltoneto/Documents/TCC/AvaliacaoBuild/maeuse-ios/SDKExplicitPrecompiledModules/CoreTransferable-AQNZEWZ2K7A5BFVN28EKIA4YY.pcm

SwiftExplicitDependencyGeneratePcm arm64 /Users/rafaeltoneto/Documents/TCC/AvaliacaoBuild/maeuse-ios/SDKExplicitPrecompiledModules/IOSurface-E8KOZYF11J3YCQ2HCS61XZX4I.pcm

SwiftExplicitDependencyGeneratePcm arm64 /Users/rafaeltoneto/Documents/TCC/AvaliacaoBuild/maeuse-ios/SDKExplicitPrecompiledModules/UserNotifications-3P5UIGIIP715SBQXMUACNLV6H.pcm

SwiftExplicitDependencyGeneratePcm arm64 /Users/rafaeltoneto/Documents/TCC/AvaliacaoBuild/maeuse-ios/SDKExplicitPrecompiledModules/OpenGLES-5PRY13ECWH78LZD8Y24DK9CUN.pcm

SwiftExplicitDependencyGeneratePcm arm64 /Users/rafaeltoneto/Documents/TCC/AvaliacaoBuild/maeuse-ios/SDKExplicitPrecompiledModules/OSLog-BJMC0CXVNZO383PR39OI61G3P.pcm

SwiftExplicitDependencyGeneratePcm arm64 /Users/rafaeltoneto/Documents/TCC/AvaliacaoBuild/maeuse-ios/SDKExplicitPrecompiledModules/_LocationEssentials-4OSRS8ZHKCQ93EIXT1VAJRWOR.pcm

SwiftExplicitDependencyGeneratePcm arm64 /Users/rafaeltoneto/Documents/TCC/AvaliacaoBuild/maeuse-ios/SDKExplicitPrecompiledModules/Network-5VAO74XLVYMSUTZOFDD6L5F3Z.pcm

SwiftExplicitDependencyGeneratePcm arm64 /Users/rafaeltoneto/Documents/TCC/AvaliacaoBuild/maeuse-ios/SDKExplicitPrecompiledModules/AppIntentsTypeSupport-DEI1GKNYE19EL0P0QJ3HVAV1F.pcm

SwiftExplicitDependencyGeneratePcm arm64 /Users/rafaeltoneto/Documents/TCC/AvaliacaoBuild/maeuse-ios/SDKExplicitPrecompiledModules/FileProvider-CKOYT7T16G0F2RNOGQDV31LOB.pcm

SwiftExplicitDependencyGeneratePcm arm64 /Users/rafaeltoneto/Documents/TCC/AvaliacaoBuild/maeuse-ios/SDKExplicitPrecompiledModules/DataDetection-6NSZCIMQCK0BQNV9VVBJHBFYV.pcm

SwiftExplicitDependencyGeneratePcm arm64 /Users/rafaeltoneto/Documents/TCC/AvaliacaoBuild/maeuse-ios/SDKExplicitPrecompiledModules/UniformTypeIdentifiers-4TI7ADQP3F855OR9Y4BRDM5QE.pcm

SwiftExplicitDependencyGeneratePcm arm64 /Users/rafaeltoneto/Documents/TCC/AvaliacaoBuild/maeuse-ios/SDKExplicitPrecompiledModules/CoreData-BHPIO5D6LUBNAWSJJ6APY82F6.pcm

SwiftExplicitDependencyGeneratePcm x86_64 /Users/rafaeltoneto/Documents/TCC/AvaliacaoBuild/maeuse-ios/SDKExplicitPrecompiledModules/CoreMotion-83UYOWDMWGHQT206D9VIE210H.pcm

SwiftExplicitDependencyGeneratePcm x86_64 /Users/rafaeltoneto/Documents/TCC/AvaliacaoBuild/maeuse-ios/SDKExplicitPrecompiledModules/Intents-2WJNWW9PNI7PO1AA2YTDVQMP6.pcm

SwiftExplicitDependencyGeneratePcm arm64 /Users/rafaeltoneto/Documents/TCC/AvaliacaoBuild/maeuse-ios/SDKExplicitPrecompiledModules/Accessibility-CA0Q7C6VHUWEPQW3SXQFCHAYE.pcm

SwiftExplicitDependencyGeneratePcm arm64 /Users/rafaeltoneto/Documents/TCC/AvaliacaoBuild/maeuse-ios/SDKExplicitPrecompiledModules/RelevanceKit-A4O6618GJUSUTGXLM0WP0VKCK.pcm

SwiftExplicitDependencyGeneratePcm arm64 /Users/rafaeltoneto/Documents/TCC/AvaliacaoBuild/maeuse-ios/SDKExplicitPrecompiledModules/CoreLocation-6H8AIG3TKMGT3XRHDM5FK3IQD.pcm

SwiftExplicitDependencyGeneratePcm arm64 /Users/rafaeltoneto/Documents/TCC/AvaliacaoBuild/maeuse-ios/SDKExplicitPrecompiledModules/CoreSpotlight-CCLZW9STNDSI08EZEHEV7QTMN.pcm

SwiftExplicitDependencyGeneratePcm arm64 /Users/rafaeltoneto/Documents/TCC/AvaliacaoBuild/maeuse-ios/SDKExplicitPrecompiledModules/Symbols-6F08O2WKA8W793DNWDE28XJ51.pcm

SwiftExplicitDependencyGeneratePcm arm64 /Users/rafaeltoneto/Documents/TCC/AvaliacaoBuild/maeuse-ios/SDKExplicitPrecompiledModules/AppIntents-C3VC542IQ5D0SXUYSATXUKIIL.pcm

SwiftExplicitDependencyGeneratePcm arm64 /Users/rafaeltoneto/Documents/TCC/AvaliacaoBuild/maeuse-ios/SDKExplicitPrecompiledModules/UIUtilities-6JJBI8DEWMJTFM3YNIL8AJVWD.pcm

SwiftExplicitDependencyGeneratePcm arm64 /Users/rafaeltoneto/Documents/TCC/AvaliacaoBuild/maeuse-ios/SDKExplicitPrecompiledModules/Metal-761G6ZMR3HR2L9GBX9SJIY5WH.pcm

SwiftExplicitDependencyGeneratePcm x86_64 /Users/rafaeltoneto/Documents/TCC/AvaliacaoBuild/maeuse-ios/SDKExplicitPrecompiledModules/CoreVideo-A87PUPHXXZYHEVVZ7UBZYOF3B.pcm

SwiftExplicitDependencyGeneratePcm arm64 /Users/rafaeltoneto/Documents/TCC/AvaliacaoBuild/maeuse-ios/SDKExplicitPrecompiledModules/Intents-34LJS702CSS2IN256D46A16FA.pcm

SwiftExplicitDependencyGeneratePcm arm64 /Users/rafaeltoneto/Documents/TCC/AvaliacaoBuild/maeuse-ios/SDKExplicitPrecompiledModules/CoreMotion-8WYFYCQR5LCYXO9C6JNH85GID.pcm

SwiftExplicitDependencyGeneratePcm x86_64 /Users/rafaeltoneto/Documents/TCC/AvaliacaoBuild/maeuse-ios/SDKExplicitPrecompiledModules/CoreImage-DZZR6UOSD042BY83AR7JI29I4.pcm

SwiftExplicitDependencyGeneratePcm x86_64 /Users/rafaeltoneto/Documents/TCC/AvaliacaoBuild/maeuse-ios/SDKExplicitPrecompiledModules/QuartzCore-74PL7DHKUEG81A6KNYW8DEQLY.pcm

SwiftExplicitDependencyGeneratePcm x86_64 /Users/rafaeltoneto/Documents/TCC/AvaliacaoBuild/maeuse-ios/SDKExplicitPrecompiledModules/CoreMedia-5SYPZCUDN1BB8LG2DBGCFRQM7.pcm

SwiftExplicitDependencyGeneratePcm arm64 /Users/rafaeltoneto/Documents/TCC/AvaliacaoBuild/maeuse-ios/SDKExplicitPrecompiledModules/CoreVideo-4X63YDTAI0CGEPJHEE3XXXKSR.pcm

SwiftExplicitDependencyGeneratePcm x86_64 /Users/rafaeltoneto/Documents/TCC/AvaliacaoBuild/maeuse-ios/SDKExplicitPrecompiledModules/SwiftUICore-86LNCCAV7JEWBMTLHU8GWD2FX.pcm

SwiftExplicitDependencyGeneratePcm x86_64 /Users/rafaeltoneto/Documents/TCC/AvaliacaoBuild/maeuse-ios/SDKExplicitPrecompiledModules/UIKit-9QDOKBVUCVSCJ1CCJNF0LSCA0.pcm

SwiftExplicitDependencyGeneratePcm arm64 /Users/rafaeltoneto/Documents/TCC/AvaliacaoBuild/maeuse-ios/SDKExplicitPrecompiledModules/CoreMedia-8ROG87Y2B2HTMOG2R5FU9UA0A.pcm

SwiftExplicitDependencyGeneratePcm arm64 /Users/rafaeltoneto/Documents/TCC/AvaliacaoBuild/maeuse-ios/SDKExplicitPrecompiledModules/QuartzCore-4PQFW9N7YT2YIAF84NBHM8LV2.pcm

SwiftExplicitDependencyGeneratePcm arm64 /Users/rafaeltoneto/Documents/TCC/AvaliacaoBuild/maeuse-ios/SDKExplicitPrecompiledModules/CoreImage-B7V8WAVHQCYA19369BCM41NV9.pcm

SwiftExplicitDependencyGeneratePcm arm64 /Users/rafaeltoneto/Documents/TCC/AvaliacaoBuild/maeuse-ios/SDKExplicitPrecompiledModules/SwiftUICore-6VLR32QUQQYGSKYBX27U7N7MQ.pcm

SwiftExplicitDependencyGeneratePcm arm64 /Users/rafaeltoneto/Documents/TCC/AvaliacaoBuild/maeuse-ios/SDKExplicitPrecompiledModules/UIKit-BSGWH25Y63IDWUC3W78NLKO5X.pcm

SwiftExplicitDependencyGeneratePcm x86_64 /Users/rafaeltoneto/Documents/TCC/AvaliacaoBuild/maeuse-ios/SDKExplicitPrecompiledModules/SwiftUI-B18PAAA8OXIMHDX7O07DYHYSO.pcm

SwiftCompile normal x86_64 Compiling\ AddExpenseControl.swift /Users/rafaeltoneto/Documents/TCC/ProjetosExternos/maeuse-ios/MaeuseControls/AddExpenseControl.swift (in target 'MaeuseControls' from project 'Maeuse')

SwiftCompile normal x86_64 /Users/rafaeltoneto/Documents/TCC/ProjetosExternos/maeuse-ios/MaeuseControls/AddExpenseControl.swift (in target 'MaeuseControls' from project 'Maeuse')
    cd /Users/rafaeltoneto/Documents/TCC/ProjetosExternos/maeuse-ios
    builtin-SwiftPerFileCompile AddExpenseControl.swift

SwiftCompile normal x86_64 Compiling\ CaptureLaunchRouter.swift /Users/rafaeltoneto/Documents/TCC/ProjetosExternos/maeuse-ios/Maeuse/Services/CaptureLaunchRouter.swift (in target 'MaeuseControls' from project 'Maeuse')

SwiftCompile normal x86_64 /Users/rafaeltoneto/Documents/TCC/ProjetosExternos/maeuse-ios/Maeuse/Services/CaptureLaunchRouter.swift (in target 'MaeuseControls' from project 'Maeuse')
    cd /Users/rafaeltoneto/Documents/TCC/ProjetosExternos/maeuse-ios
    builtin-SwiftPerFileCompile CaptureLaunchRouter.swift

SwiftEmitModule normal x86_64 Emitting\ module\ for\ MaeuseControls (in target 'MaeuseControls' from project 'Maeuse')

SwiftCompile normal x86_64 (in target 'MaeuseControls' from project 'Maeuse')
    cd /Users/rafaeltoneto/Documents/TCC/ProjetosExternos/maeuse-ios
    

SwiftCompile normal x86_64 Compiling\ DictateExpenseControl.swift /Users/rafaeltoneto/Documents/TCC/ProjetosExternos/maeuse-ios/MaeuseControls/DictateExpenseControl.swift (in target 'MaeuseControls' from project 'Maeuse')

SwiftCompile normal x86_64 /Users/rafaeltoneto/Documents/TCC/ProjetosExternos/maeuse-ios/MaeuseControls/DictateExpenseControl.swift (in target 'MaeuseControls' from project 'Maeuse')
    cd /Users/rafaeltoneto/Documents/TCC/ProjetosExternos/maeuse-ios
    builtin-SwiftPerFileCompile DictateExpenseControl.swift

SwiftCompile normal x86_64 Compiling\ CaptureExpenseWidgets.swift /Users/rafaeltoneto/Documents/TCC/ProjetosExternos/maeuse-ios/MaeuseControls/CaptureExpenseWidgets.swift (in target 'MaeuseControls' from project 'Maeuse')

SwiftCompile normal x86_64 /Users/rafaeltoneto/Documents/TCC/ProjetosExternos/maeuse-ios/MaeuseControls/CaptureExpenseWidgets.swift (in target 'MaeuseControls' from project 'Maeuse')
    cd /Users/rafaeltoneto/Documents/TCC/ProjetosExternos/maeuse-ios
    builtin-SwiftPerFileCompile CaptureExpenseWidgets.swift

SwiftCompile normal x86_64 Compiling\ AddExpenseIntent.swift /Users/rafaeltoneto/Documents/TCC/ProjetosExternos/maeuse-ios/Maeuse/AppIntents/AddExpenseIntent.swift (in target 'MaeuseControls' from project 'Maeuse')

SwiftCompile normal x86_64 /Users/rafaeltoneto/Documents/TCC/ProjetosExternos/maeuse-ios/Maeuse/AppIntents/AddExpenseIntent.swift (in target 'MaeuseControls' from project 'Maeuse')
    cd /Users/rafaeltoneto/Documents/TCC/ProjetosExternos/maeuse-ios
    builtin-SwiftPerFileCompile AddExpenseIntent.swift

SwiftCompile normal x86_64 Compiling\ GeneratedAssetSymbols.swift /Users/rafaeltoneto/Documents/TCC/AvaliacaoBuild/maeuse-ios/Build/Intermediates.noindex/Maeuse.build/Debug-iphonesimulator/MaeuseControls.build/DerivedSources/GeneratedAssetSymbols.swift (in target 'MaeuseControls' from project 'Maeuse')

SwiftCompile normal x86_64 /Users/rafaeltoneto/Documents/TCC/AvaliacaoBuild/maeuse-ios/Build/Intermediates.noindex/Maeuse.build/Debug-iphonesimulator/MaeuseControls.build/DerivedSources/GeneratedAssetSymbols.swift (in target 'MaeuseControls' from project 'Maeuse')
    cd /Users/rafaeltoneto/Documents/TCC/ProjetosExternos/maeuse-ios
    builtin-SwiftPerFileCompile GeneratedAssetSymbols.swift

SwiftCompile normal x86_64 Compiling\ MaeuseControlsBundle.swift /Users/rafaeltoneto/Documents/TCC/ProjetosExternos/maeuse-ios/MaeuseControls/MaeuseControlsBundle.swift (in target 'MaeuseControls' from project 'Maeuse')

SwiftCompile normal x86_64 /Users/rafaeltoneto/Documents/TCC/ProjetosExternos/maeuse-ios/MaeuseControls/MaeuseControlsBundle.swift (in target 'MaeuseControls' from project 'Maeuse')
    cd /Users/rafaeltoneto/Documents/TCC/ProjetosExternos/maeuse-ios
    builtin-SwiftPerFileCompile MaeuseControlsBundle.swift

SwiftExplicitDependencyGeneratePcm arm64 /Users/rafaeltoneto/Documents/TCC/AvaliacaoBuild/maeuse-ios/SDKExplicitPrecompiledModules/SwiftUI-DW4N0CSPBG939VGY7LZ0KD34I.pcm

SwiftDriverJobDiscovery normal x86_64 Compiling GeneratedAssetSymbols.swift (in target 'MaeuseControls' from project 'Maeuse')

SwiftDriverJobDiscovery normal x86_64 Compiling MaeuseControlsBundle.swift (in target 'MaeuseControls' from project 'Maeuse')

SwiftEmitModule normal arm64 Emitting\ module\ for\ MaeuseControls (in target 'MaeuseControls' from project 'Maeuse')

SwiftCompile normal arm64 (in target 'MaeuseControls' from project 'Maeuse')
    cd /Users/rafaeltoneto/Documents/TCC/ProjetosExternos/maeuse-ios
    

SwiftCompile normal arm64 Compiling\ DictateExpenseControl.swift /Users/rafaeltoneto/Documents/TCC/ProjetosExternos/maeuse-ios/MaeuseControls/DictateExpenseControl.swift (in target 'MaeuseControls' from project 'Maeuse')

SwiftCompile normal arm64 /Users/rafaeltoneto/Documents/TCC/ProjetosExternos/maeuse-ios/MaeuseControls/DictateExpenseControl.swift (in target 'MaeuseControls' from project 'Maeuse')
    cd /Users/rafaeltoneto/Documents/TCC/ProjetosExternos/maeuse-ios
    builtin-SwiftPerFileCompile DictateExpenseControl.swift

SwiftCompile normal arm64 Compiling\ AddExpenseControl.swift /Users/rafaeltoneto/Documents/TCC/ProjetosExternos/maeuse-ios/MaeuseControls/AddExpenseControl.swift (in target 'MaeuseControls' from project 'Maeuse')

SwiftCompile normal arm64 /Users/rafaeltoneto/Documents/TCC/ProjetosExternos/maeuse-ios/MaeuseControls/AddExpenseControl.swift (in target 'MaeuseControls' from project 'Maeuse')
    cd /Users/rafaeltoneto/Documents/TCC/ProjetosExternos/maeuse-ios
    builtin-SwiftPerFileCompile AddExpenseControl.swift

SwiftCompile normal arm64 Compiling\ MaeuseControlsBundle.swift /Users/rafaeltoneto/Documents/TCC/ProjetosExternos/maeuse-ios/MaeuseControls/MaeuseControlsBundle.swift (in target 'MaeuseControls' from project 'Maeuse')

SwiftCompile normal arm64 /Users/rafaeltoneto/Documents/TCC/ProjetosExternos/maeuse-ios/MaeuseControls/MaeuseControlsBundle.swift (in target 'MaeuseControls' from project 'Maeuse')
    cd /Users/rafaeltoneto/Documents/TCC/ProjetosExternos/maeuse-ios
    builtin-SwiftPerFileCompile MaeuseControlsBundle.swift

SwiftCompile normal arm64 Compiling\ AddExpenseIntent.swift /Users/rafaeltoneto/Documents/TCC/ProjetosExternos/maeuse-ios/Maeuse/AppIntents/AddExpenseIntent.swift (in target 'MaeuseControls' from project 'Maeuse')

SwiftCompile normal arm64 /Users/rafaeltoneto/Documents/TCC/ProjetosExternos/maeuse-ios/Maeuse/AppIntents/AddExpenseIntent.swift (in target 'MaeuseControls' from project 'Maeuse')
    cd /Users/rafaeltoneto/Documents/TCC/ProjetosExternos/maeuse-ios
    builtin-SwiftPerFileCompile AddExpenseIntent.swift

SwiftDriverJobDiscovery normal x86_64 Compiling DictateExpenseControl.swift (in target 'MaeuseControls' from project 'Maeuse')

SwiftCompile normal arm64 Compiling\ CaptureLaunchRouter.swift /Users/rafaeltoneto/Documents/TCC/ProjetosExternos/maeuse-ios/Maeuse/Services/CaptureLaunchRouter.swift (in target 'MaeuseControls' from project 'Maeuse')

SwiftCompile normal arm64 /Users/rafaeltoneto/Documents/TCC/ProjetosExternos/maeuse-ios/Maeuse/Services/CaptureLaunchRouter.swift (in target 'MaeuseControls' from project 'Maeuse')
    cd /Users/rafaeltoneto/Documents/TCC/ProjetosExternos/maeuse-ios
    builtin-SwiftPerFileCompile CaptureLaunchRouter.swift

SwiftDriverJobDiscovery normal x86_64 Compiling AddExpenseControl.swift (in target 'MaeuseControls' from project 'Maeuse')

SwiftCompile normal arm64 Compiling\ CaptureExpenseWidgets.swift /Users/rafaeltoneto/Documents/TCC/ProjetosExternos/maeuse-ios/MaeuseControls/CaptureExpenseWidgets.swift (in target 'MaeuseControls' from project 'Maeuse')

SwiftCompile normal arm64 /Users/rafaeltoneto/Documents/TCC/ProjetosExternos/maeuse-ios/MaeuseControls/CaptureExpenseWidgets.swift (in target 'MaeuseControls' from project 'Maeuse')
    cd /Users/rafaeltoneto/Documents/TCC/ProjetosExternos/maeuse-ios
    builtin-SwiftPerFileCompile CaptureExpenseWidgets.swift

SwiftDriverJobDiscovery normal arm64 Compiling MaeuseControlsBundle.swift (in target 'MaeuseControls' from project 'Maeuse')

SwiftCompile normal arm64 Compiling\ GeneratedAssetSymbols.swift /Users/rafaeltoneto/Documents/TCC/AvaliacaoBuild/maeuse-ios/Build/Intermediates.noindex/Maeuse.build/Debug-iphonesimulator/MaeuseControls.build/DerivedSources/GeneratedAssetSymbols.swift (in target 'MaeuseControls' from project 'Maeuse')

SwiftCompile normal arm64 /Users/rafaeltoneto/Documents/TCC/AvaliacaoBuild/maeuse-ios/Build/Intermediates.noindex/Maeuse.build/Debug-iphonesimulator/MaeuseControls.build/DerivedSources/GeneratedAssetSymbols.swift (in target 'MaeuseControls' from project 'Maeuse')
    cd /Users/rafaeltoneto/Documents/TCC/ProjetosExternos/maeuse-ios
    builtin-SwiftPerFileCompile GeneratedAssetSymbols.swift

SwiftDriverJobDiscovery normal x86_64 Compiling CaptureLaunchRouter.swift (in target 'MaeuseControls' from project 'Maeuse')

SwiftDriverJobDiscovery normal x86_64 Emitting module for MaeuseControls (in target 'MaeuseControls' from project 'Maeuse')

SwiftDriver\ Compilation\ Requirements MaeuseControls normal x86_64 com.apple.xcode.tools.swift.compiler (in target 'MaeuseControls' from project 'Maeuse')
    cd /Users/rafaeltoneto/Documents/TCC/ProjetosExternos/maeuse-ios
    builtin-Swift-Compilation-Requirements -- /Applications/Xcode.app/Contents/Developer/Toolchains/XcodeDefault.xctoolchain/usr/bin/swiftc -module-name MaeuseControls -O @/Users/rafaeltoneto/Documents/TCC/AvaliacaoBuild/maeuse-ios/Build/Intermediates.noindex/Maeuse.build/Debug-iphonesimulator/MaeuseControls.build/Objects-normal/x86_64/MaeuseControls.SwiftFileList -enable-upcoming-feature StrictConcurrency -enable-bare-slash-regex -enable-experimental-feature DebugDescriptionMacro -sdk /Applications/Xcode.app/Contents/Developer/Platforms/iPhoneSimulator.platform/Developer/SDKs/iPhoneSimulator27.0.sdk -target x86_64-apple-ios18.0-simulator -g -module-cache-path /Users/rafaeltoneto/Documents/TCC/AvaliacaoBuild/maeuse-ios/ModuleCache.noindex -Xfrontend -serialize-debugging-options -application-extension -profile-coverage-mapping -profile-generate -enable-testing -Xcc -D_LIBCPP_HARDENING_MODE\=_LIBCPP_HARDENING_MODE_DEBUG -swift-version 5 -I /Users/rafaeltoneto/Documents/TCC/AvaliacaoBuild/maeuse-ios/Build/Products/Debug-iphonesimulator -F /Users/rafaeltoneto/Documents/TCC/AvaliacaoBuild/maeuse-ios/Build/Products/Debug-iphonesimulator -emit-localized-strings -emit-localized-strings-path /Users/rafaeltoneto/Documents/TCC/AvaliacaoBuild/maeuse-ios/Build/Intermediates.noindex/Maeuse.build/Debug-iphonesimulator/MaeuseControls.build/Objects-normal/x86_64 -c -j10 -enable-batch-mode -incremental -Xcc -ivfsstatcache -Xcc /Users/rafaeltoneto/Documents/TCC/AvaliacaoBuild/maeuse-ios/SDKStatCaches.noindex/iphonesimulator27.0-24A430-8dc58220667be655e1bcc261a7455254.sdkstatcache -output-file-map /Users/rafaeltoneto/Documents/TCC/AvaliacaoBuild/maeuse-ios/Build/Intermediates.noindex/Maeuse.build/Debug-iphonesimulator/MaeuseControls.build/Objects-normal/x86_64/MaeuseControls-OutputFileMap.json -save-temps -no-color-diagnostics -explicit-module-build -module-cache-path /Users/rafaeltoneto/Documents/TCC/AvaliacaoBuild/maeuse-ios/Build/Intermediates.noindex/SwiftExplicitPrecompiledModules -clang-scanner-module-cache-path /Users/rafaeltoneto/Documents/TCC/AvaliacaoBuild/maeuse-ios/ModuleCache.noindex -sdk-module-cache-path /Users/rafaeltoneto/Documents/TCC/AvaliacaoBuild/maeuse-ios/SDKExplicitPrecompiledModules -emit-dependencies -emit-module -emit-module-path /Users/rafaeltoneto/Documents/TCC/AvaliacaoBuild/maeuse-ios/Build/Intermediates.noindex/Maeuse.build/Debug-iphonesimulator/MaeuseControls.build/Objects-normal/x86_64/MaeuseControls.swiftmodule -serialize-diagnostics -dependency-scan-serialize-diagnostics-path /Users/rafaeltoneto/Documents/TCC/AvaliacaoBuild/maeuse-ios/Build/Intermediates.noindex/Maeuse.build/Debug-iphonesimulator/MaeuseControls.build/Objects-normal/x86_64/MaeuseControls-dependency-scan.dia -validate-clang-modules-once -clang-build-session-file /Users/rafaeltoneto/Documents/TCC/AvaliacaoBuild/maeuse-ios/ModuleCache.noindex/Session.modulevalidation -Xcc -fmodules-prune-interval\=86400 -Xcc -fmodules-prune-after\=345600 -emit-const-values -const-gather-protocols-list /Users/rafaeltoneto/Documents/TCC/AvaliacaoBuild/maeuse-ios/Build/Intermediates.noindex/Maeuse.build/Debug-iphonesimulator/MaeuseControls.build/Objects-normal/x86_64/MaeuseControls_const_extract_protocols.json -Xcc -iquote -Xcc /Users/rafaeltoneto/Documents/TCC/AvaliacaoBuild/maeuse-ios/Build/Intermediates.noindex/Maeuse.build/Debug-iphonesimulator/MaeuseControls.build/MaeuseControls-generated-files.hmap -Xcc -I/Users/rafaeltoneto/Documents/TCC/AvaliacaoBuild/maeuse-ios/Build/Intermediates.noindex/Maeuse.build/Debug-iphonesimulator/MaeuseControls.build/MaeuseControls-own-target-headers.hmap -Xcc -I/Users/rafaeltoneto/Documents/TCC/AvaliacaoBuild/maeuse-ios/Build/Intermediates.noindex/Maeuse.build/Debug-iphonesimulator/MaeuseControls.build/MaeuseControls-all-target-headers.hmap -Xcc -iquote -Xcc /Users/rafaeltoneto/Documents/TCC/AvaliacaoBuild/maeuse-ios/Build/Intermediates.noindex/Maeuse.build/Debug-iphonesimulator/MaeuseControls.build/MaeuseControls-project-headers.hmap -Xcc -I/Users/rafaeltoneto/Documents/TCC/AvaliacaoBuild/maeuse-ios/Build/Products/Debug-iphonesimulator/include -Xcc -I/Users/rafaeltoneto/Documents/TCC/AvaliacaoBuild/maeuse-ios/Build/Intermediates.noindex/Maeuse.build/Debug-iphonesimulator/MaeuseControls.build/DerivedSources-normal/x86_64 -Xcc -I/Users/rafaeltoneto/Documents/TCC/AvaliacaoBuild/maeuse-ios/Build/Intermediates.noindex/Maeuse.build/Debug-iphonesimulator/MaeuseControls.build/DerivedSources/x86_64 -Xcc -I/Users/rafaeltoneto/Documents/TCC/AvaliacaoBuild/maeuse-ios/Build/Intermediates.noindex/Maeuse.build/Debug-iphonesimulator/MaeuseControls.build/DerivedSources -Xcc -DDEBUG\=1 -emit-objc-header -emit-objc-header-path /Users/rafaeltoneto/Documents/TCC/AvaliacaoBuild/maeuse-ios/Build/Intermediates.noindex/Maeuse.build/Debug-iphonesimulator/MaeuseControls.build/Objects-normal/x86_64/MaeuseControls-Swift.h -working-directory /Users/rafaeltoneto/Documents/TCC/ProjetosExternos/maeuse-ios -experimental-emit-module-separately -disable-cmo

Copy /Users/rafaeltoneto/Documents/TCC/AvaliacaoBuild/maeuse-ios/Build/Products/Debug-iphonesimulator/MaeuseControls.swiftmodule/x86_64-apple-ios-simulator.swiftmodule /Users/rafaeltoneto/Documents/TCC/AvaliacaoBuild/maeuse-ios/Build/Intermediates.noindex/Maeuse.build/Debug-iphonesimulator/MaeuseControls.build/Objects-normal/x86_64/MaeuseControls.swiftmodule (in target 'MaeuseControls' from project 'Maeuse')
    cd /Users/rafaeltoneto/Documents/TCC/ProjetosExternos/maeuse-ios
    builtin-copy -exclude .DS_Store -exclude CVS -exclude .svn -exclude .git -exclude .hg -resolve-src-symlinks -rename /Users/rafaeltoneto/Documents/TCC/AvaliacaoBuild/maeuse-ios/Build/Intermediates.noindex/Maeuse.build/Debug-iphonesimulator/MaeuseControls.build/Objects-normal/x86_64/MaeuseControls.swiftmodule /Users/rafaeltoneto/Documents/TCC/AvaliacaoBuild/maeuse-ios/Build/Products/Debug-iphonesimulator/MaeuseControls.swiftmodule/x86_64-apple-ios-simulator.swiftmodule

Copy /Users/rafaeltoneto/Documents/TCC/AvaliacaoBuild/maeuse-ios/Build/Products/Debug-iphonesimulator/MaeuseControls.swiftmodule/x86_64-apple-ios-simulator.swiftdoc /Users/rafaeltoneto/Documents/TCC/AvaliacaoBuild/maeuse-ios/Build/Intermediates.noindex/Maeuse.build/Debug-iphonesimulator/MaeuseControls.build/Objects-normal/x86_64/MaeuseControls.swiftdoc (in target 'MaeuseControls' from project 'Maeuse')
    cd /Users/rafaeltoneto/Documents/TCC/ProjetosExternos/maeuse-ios
    builtin-copy -exclude .DS_Store -exclude CVS -exclude .svn -exclude .git -exclude .hg -resolve-src-symlinks -rename /Users/rafaeltoneto/Documents/TCC/AvaliacaoBuild/maeuse-ios/Build/Intermediates.noindex/Maeuse.build/Debug-iphonesimulator/MaeuseControls.build/Objects-normal/x86_64/MaeuseControls.swiftdoc /Users/rafaeltoneto/Documents/TCC/AvaliacaoBuild/maeuse-ios/Build/Products/Debug-iphonesimulator/MaeuseControls.swiftmodule/x86_64-apple-ios-simulator.swiftdoc

Copy /Users/rafaeltoneto/Documents/TCC/AvaliacaoBuild/maeuse-ios/Build/Products/Debug-iphonesimulator/MaeuseControls.swiftmodule/x86_64-apple-ios-simulator.abi.json /Users/rafaeltoneto/Documents/TCC/AvaliacaoBuild/maeuse-ios/Build/Intermediates.noindex/Maeuse.build/Debug-iphonesimulator/MaeuseControls.build/Objects-normal/x86_64/MaeuseControls.abi.json (in target 'MaeuseControls' from project 'Maeuse')
    cd /Users/rafaeltoneto/Documents/TCC/ProjetosExternos/maeuse-ios
    builtin-copy -exclude .DS_Store -exclude CVS -exclude .svn -exclude .git -exclude .hg -resolve-src-symlinks -rename /Users/rafaeltoneto/Documents/TCC/AvaliacaoBuild/maeuse-ios/Build/Intermediates.noindex/Maeuse.build/Debug-iphonesimulator/MaeuseControls.build/Objects-normal/x86_64/MaeuseControls.abi.json /Users/rafaeltoneto/Documents/TCC/AvaliacaoBuild/maeuse-ios/Build/Products/Debug-iphonesimulator/MaeuseControls.swiftmodule/x86_64-apple-ios-simulator.abi.json

Copy /Users/rafaeltoneto/Documents/TCC/AvaliacaoBuild/maeuse-ios/Build/Products/Debug-iphonesimulator/MaeuseControls.swiftmodule/Project/x86_64-apple-ios-simulator.swiftsourceinfo /Users/rafaeltoneto/Documents/TCC/AvaliacaoBuild/maeuse-ios/Build/Intermediates.noindex/Maeuse.build/Debug-iphonesimulator/MaeuseControls.build/Objects-normal/x86_64/MaeuseControls.swiftsourceinfo (in target 'MaeuseControls' from project 'Maeuse')
    cd /Users/rafaeltoneto/Documents/TCC/ProjetosExternos/maeuse-ios
    builtin-copy -exclude .DS_Store -exclude CVS -exclude .svn -exclude .git -exclude .hg -resolve-src-symlinks -rename /Users/rafaeltoneto/Documents/TCC/AvaliacaoBuild/maeuse-ios/Build/Intermediates.noindex/Maeuse.build/Debug-iphonesimulator/MaeuseControls.build/Objects-normal/x86_64/MaeuseControls.swiftsourceinfo /Users/rafaeltoneto/Documents/TCC/AvaliacaoBuild/maeuse-ios/Build/Products/Debug-iphonesimulator/MaeuseControls.swiftmodule/Project/x86_64-apple-ios-simulator.swiftsourceinfo

SwiftDriverJobDiscovery normal x86_64 Compiling AddExpenseIntent.swift (in target 'MaeuseControls' from project 'Maeuse')

SwiftDriverJobDiscovery normal arm64 Compiling GeneratedAssetSymbols.swift (in target 'MaeuseControls' from project 'Maeuse')

SwiftDriverJobDiscovery normal arm64 Compiling DictateExpenseControl.swift (in target 'MaeuseControls' from project 'Maeuse')

SwiftDriverJobDiscovery normal arm64 Compiling AddExpenseControl.swift (in target 'MaeuseControls' from project 'Maeuse')

SwiftDriverJobDiscovery normal arm64 Emitting module for MaeuseControls (in target 'MaeuseControls' from project 'Maeuse')

SwiftDriver\ Compilation\ Requirements MaeuseControls normal arm64 com.apple.xcode.tools.swift.compiler (in target 'MaeuseControls' from project 'Maeuse')
    cd /Users/rafaeltoneto/Documents/TCC/ProjetosExternos/maeuse-ios
    builtin-Swift-Compilation-Requirements -- /Applications/Xcode.app/Contents/Developer/Toolchains/XcodeDefault.xctoolchain/usr/bin/swiftc -module-name MaeuseControls -O @/Users/rafaeltoneto/Documents/TCC/AvaliacaoBuild/maeuse-ios/Build/Intermediates.noindex/Maeuse.build/Debug-iphonesimulator/MaeuseControls.build/Objects-normal/arm64/MaeuseControls.SwiftFileList -enable-upcoming-feature StrictConcurrency -enable-bare-slash-regex -enable-experimental-feature DebugDescriptionMacro -sdk /Applications/Xcode.app/Contents/Developer/Platforms/iPhoneSimulator.platform/Developer/SDKs/iPhoneSimulator27.0.sdk -target arm64-apple-ios18.0-simulator -g -module-cache-path /Users/rafaeltoneto/Documents/TCC/AvaliacaoBuild/maeuse-ios/ModuleCache.noindex -Xfrontend -serialize-debugging-options -application-extension -profile-coverage-mapping -profile-generate -enable-testing -Xcc -D_LIBCPP_HARDENING_MODE\=_LIBCPP_HARDENING_MODE_DEBUG -swift-version 5 -I /Users/rafaeltoneto/Documents/TCC/AvaliacaoBuild/maeuse-ios/Build/Products/Debug-iphonesimulator -F /Users/rafaeltoneto/Documents/TCC/AvaliacaoBuild/maeuse-ios/Build/Products/Debug-iphonesimulator -emit-localized-strings -emit-localized-strings-path /Users/rafaeltoneto/Documents/TCC/AvaliacaoBuild/maeuse-ios/Build/Intermediates.noindex/Maeuse.build/Debug-iphonesimulator/MaeuseControls.build/Objects-normal/arm64 -c -j10 -enable-batch-mode -incremental -Xcc -ivfsstatcache -Xcc /Users/rafaeltoneto/Documents/TCC/AvaliacaoBuild/maeuse-ios/SDKStatCaches.noindex/iphonesimulator27.0-24A430-8dc58220667be655e1bcc261a7455254.sdkstatcache -output-file-map /Users/rafaeltoneto/Documents/TCC/AvaliacaoBuild/maeuse-ios/Build/Intermediates.noindex/Maeuse.build/Debug-iphonesimulator/MaeuseControls.build/Objects-normal/arm64/MaeuseControls-OutputFileMap.json -save-temps -no-color-diagnostics -explicit-module-build -module-cache-path /Users/rafaeltoneto/Documents/TCC/AvaliacaoBuild/maeuse-ios/Build/Intermediates.noindex/SwiftExplicitPrecompiledModules -clang-scanner-module-cache-path /Users/rafaeltoneto/Documents/TCC/AvaliacaoBuild/maeuse-ios/ModuleCache.noindex -sdk-module-cache-path /Users/rafaeltoneto/Documents/TCC/AvaliacaoBuild/maeuse-ios/SDKExplicitPrecompiledModules -emit-dependencies -emit-module -emit-module-path /Users/rafaeltoneto/Documents/TCC/AvaliacaoBuild/maeuse-ios/Build/Intermediates.noindex/Maeuse.build/Debug-iphonesimulator/MaeuseControls.build/Objects-normal/arm64/MaeuseControls.swiftmodule -serialize-diagnostics -dependency-scan-serialize-diagnostics-path /Users/rafaeltoneto/Documents/TCC/AvaliacaoBuild/maeuse-ios/Build/Intermediates.noindex/Maeuse.build/Debug-iphonesimulator/MaeuseControls.build/Objects-normal/arm64/MaeuseControls-dependency-scan.dia -validate-clang-modules-once -clang-build-session-file /Users/rafaeltoneto/Documents/TCC/AvaliacaoBuild/maeuse-ios/ModuleCache.noindex/Session.modulevalidation -Xcc -fmodules-prune-interval\=86400 -Xcc -fmodules-prune-after\=345600 -emit-const-values -const-gather-protocols-list /Users/rafaeltoneto/Documents/TCC/AvaliacaoBuild/maeuse-ios/Build/Intermediates.noindex/Maeuse.build/Debug-iphonesimulator/MaeuseControls.build/Objects-normal/arm64/MaeuseControls_const_extract_protocols.json -Xcc -iquote -Xcc /Users/rafaeltoneto/Documents/TCC/AvaliacaoBuild/maeuse-ios/Build/Intermediates.noindex/Maeuse.build/Debug-iphonesimulator/MaeuseControls.build/MaeuseControls-generated-files.hmap -Xcc -I/Users/rafaeltoneto/Documents/TCC/AvaliacaoBuild/maeuse-ios/Build/Intermediates.noindex/Maeuse.build/Debug-iphonesimulator/MaeuseControls.build/MaeuseControls-own-target-headers.hmap -Xcc -I/Users/rafaeltoneto/Documents/TCC/AvaliacaoBuild/maeuse-ios/Build/Intermediates.noindex/Maeuse.build/Debug-iphonesimulator/MaeuseControls.build/MaeuseControls-all-target-headers.hmap -Xcc -iquote -Xcc /Users/rafaeltoneto/Documents/TCC/AvaliacaoBuild/maeuse-ios/Build/Intermediates.noindex/Maeuse.build/Debug-iphonesimulator/MaeuseControls.build/MaeuseControls-project-headers.hmap -Xcc -I/Users/rafaeltoneto/Documents/TCC/AvaliacaoBuild/maeuse-ios/Build/Products/Debug-iphonesimulator/include -Xcc -I/Users/rafaeltoneto/Documents/TCC/AvaliacaoBuild/maeuse-ios/Build/Intermediates.noindex/Maeuse.build/Debug-iphonesimulator/MaeuseControls.build/DerivedSources-normal/arm64 -Xcc -I/Users/rafaeltoneto/Documents/TCC/AvaliacaoBuild/maeuse-ios/Build/Intermediates.noindex/Maeuse.build/Debug-iphonesimulator/MaeuseControls.build/DerivedSources/arm64 -Xcc -I/Users/rafaeltoneto/Documents/TCC/AvaliacaoBuild/maeuse-ios/Build/Intermediates.noindex/Maeuse.build/Debug-iphonesimulator/MaeuseControls.build/DerivedSources -Xcc -DDEBUG\=1 -emit-objc-header -emit-objc-header-path /Users/rafaeltoneto/Documents/TCC/AvaliacaoBuild/maeuse-ios/Build/Intermediates.noindex/Maeuse.build/Debug-iphonesimulator/MaeuseControls.build/Objects-normal/arm64/MaeuseControls-Swift.h -working-directory /Users/rafaeltoneto/Documents/TCC/ProjetosExternos/maeuse-ios -experimental-emit-module-separately -disable-cmo

SwiftMergeGeneratedHeaders /Users/rafaeltoneto/Documents/TCC/AvaliacaoBuild/maeuse-ios/Build/Intermediates.noindex/Maeuse.build/Debug-iphonesimulator/MaeuseControls.build/DerivedSources/MaeuseControls-Swift.h /Users/rafaeltoneto/Documents/TCC/AvaliacaoBuild/maeuse-ios/Build/Intermediates.noindex/Maeuse.build/Debug-iphonesimulator/MaeuseControls.build/Objects-normal/arm64/MaeuseControls-Swift.h /Users/rafaeltoneto/Documents/TCC/AvaliacaoBuild/maeuse-ios/Build/Intermediates.noindex/Maeuse.build/Debug-iphonesimulator/MaeuseControls.build/Objects-normal/x86_64/MaeuseControls-Swift.h (in target 'MaeuseControls' from project 'Maeuse')
    cd /Users/rafaeltoneto/Documents/TCC/ProjetosExternos/maeuse-ios
    builtin-swiftHeaderTool -arch arm64 /Users/rafaeltoneto/Documents/TCC/AvaliacaoBuild/maeuse-ios/Build/Intermediates.noindex/Maeuse.build/Debug-iphonesimulator/MaeuseControls.build/Objects-normal/arm64/MaeuseControls-Swift.h -arch x86_64 /Users/rafaeltoneto/Documents/TCC/AvaliacaoBuild/maeuse-ios/Build/Intermediates.noindex/Maeuse.build/Debug-iphonesimulator/MaeuseControls.build/Objects-normal/x86_64/MaeuseControls-Swift.h -o /Users/rafaeltoneto/Documents/TCC/AvaliacaoBuild/maeuse-ios/Build/Intermediates.noindex/Maeuse.build/Debug-iphonesimulator/MaeuseControls.build/DerivedSources/MaeuseControls-Swift.h

Copy /Users/rafaeltoneto/Documents/TCC/AvaliacaoBuild/maeuse-ios/Build/Products/Debug-iphonesimulator/MaeuseControls.swiftmodule/arm64-apple-ios-simulator.swiftmodule /Users/rafaeltoneto/Documents/TCC/AvaliacaoBuild/maeuse-ios/Build/Intermediates.noindex/Maeuse.build/Debug-iphonesimulator/MaeuseControls.build/Objects-normal/arm64/MaeuseControls.swiftmodule (in target 'MaeuseControls' from project 'Maeuse')
    cd /Users/rafaeltoneto/Documents/TCC/ProjetosExternos/maeuse-ios
    builtin-copy -exclude .DS_Store -exclude CVS -exclude .svn -exclude .git -exclude .hg -resolve-src-symlinks -rename /Users/rafaeltoneto/Documents/TCC/AvaliacaoBuild/maeuse-ios/Build/Intermediates.noindex/Maeuse.build/Debug-iphonesimulator/MaeuseControls.build/Objects-normal/arm64/MaeuseControls.swiftmodule /Users/rafaeltoneto/Documents/TCC/AvaliacaoBuild/maeuse-ios/Build/Products/Debug-iphonesimulator/MaeuseControls.swiftmodule/arm64-apple-ios-simulator.swiftmodule

Copy /Users/rafaeltoneto/Documents/TCC/AvaliacaoBuild/maeuse-ios/Build/Products/Debug-iphonesimulator/MaeuseControls.swiftmodule/arm64-apple-ios-simulator.swiftdoc /Users/rafaeltoneto/Documents/TCC/AvaliacaoBuild/maeuse-ios/Build/Intermediates.noindex/Maeuse.build/Debug-iphonesimulator/MaeuseControls.build/Objects-normal/arm64/MaeuseControls.swiftdoc (in target 'MaeuseControls' from project 'Maeuse')
    cd /Users/rafaeltoneto/Documents/TCC/ProjetosExternos/maeuse-ios
    builtin-copy -exclude .DS_Store -exclude CVS -exclude .svn -exclude .git -exclude .hg -resolve-src-symlinks -rename /Users/rafaeltoneto/Documents/TCC/AvaliacaoBuild/maeuse-ios/Build/Intermediates.noindex/Maeuse.build/Debug-iphonesimulator/MaeuseControls.build/Objects-normal/arm64/MaeuseControls.swiftdoc /Users/rafaeltoneto/Documents/TCC/AvaliacaoBuild/maeuse-ios/Build/Products/Debug-iphonesimulator/MaeuseControls.swiftmodule/arm64-apple-ios-simulator.swiftdoc

Copy /Users/rafaeltoneto/Documents/TCC/AvaliacaoBuild/maeuse-ios/Build/Products/Debug-iphonesimulator/MaeuseControls.swiftmodule/arm64-apple-ios-simulator.abi.json /Users/rafaeltoneto/Documents/TCC/AvaliacaoBuild/maeuse-ios/Build/Intermediates.noindex/Maeuse.build/Debug-iphonesimulator/MaeuseControls.build/Objects-normal/arm64/MaeuseControls.abi.json (in target 'MaeuseControls' from project 'Maeuse')
    cd /Users/rafaeltoneto/Documents/TCC/ProjetosExternos/maeuse-ios
    builtin-copy -exclude .DS_Store -exclude CVS -exclude .svn -exclude .git -exclude .hg -resolve-src-symlinks -rename /Users/rafaeltoneto/Documents/TCC/AvaliacaoBuild/maeuse-ios/Build/Intermediates.noindex/Maeuse.build/Debug-iphonesimulator/MaeuseControls.build/Objects-normal/arm64/MaeuseControls.abi.json /Users/rafaeltoneto/Documents/TCC/AvaliacaoBuild/maeuse-ios/Build/Products/Debug-iphonesimulator/MaeuseControls.swiftmodule/arm64-apple-ios-simulator.abi.json

Copy /Users/rafaeltoneto/Documents/TCC/AvaliacaoBuild/maeuse-ios/Build/Products/Debug-iphonesimulator/MaeuseControls.swiftmodule/Project/arm64-apple-ios-simulator.swiftsourceinfo /Users/rafaeltoneto/Documents/TCC/AvaliacaoBuild/maeuse-ios/Build/Intermediates.noindex/Maeuse.build/Debug-iphonesimulator/MaeuseControls.build/Objects-normal/arm64/MaeuseControls.swiftsourceinfo (in target 'MaeuseControls' from project 'Maeuse')
    cd /Users/rafaeltoneto/Documents/TCC/ProjetosExternos/maeuse-ios
    builtin-copy -exclude .DS_Store -exclude CVS -exclude .svn -exclude .git -exclude .hg -resolve-src-symlinks -rename /Users/rafaeltoneto/Documents/TCC/AvaliacaoBuild/maeuse-ios/Build/Intermediates.noindex/Maeuse.build/Debug-iphonesimulator/MaeuseControls.build/Objects-normal/arm64/MaeuseControls.swiftsourceinfo /Users/rafaeltoneto/Documents/TCC/AvaliacaoBuild/maeuse-ios/Build/Products/Debug-iphonesimulator/MaeuseControls.swiftmodule/Project/arm64-apple-ios-simulator.swiftsourceinfo

GenerateAssetSymbols /Users/rafaeltoneto/Documents/TCC/ProjetosExternos/maeuse-ios/Maeuse/Assets.xcassets (in target 'Maeuse' from project 'Maeuse')
    cd /Users/rafaeltoneto/Documents/TCC/ProjetosExternos/maeuse-ios
    /Applications/Xcode.app/Contents/Developer/usr/bin/actool /Users/rafaeltoneto/Documents/TCC/ProjetosExternos/maeuse-ios/Maeuse/Assets.xcassets --compile /Users/rafaeltoneto/Documents/TCC/AvaliacaoBuild/maeuse-ios/Build/Products/Debug-iphonesimulator/Maeuse.app --output-format human-readable-text --notices --warnings --export-dependency-info /Users/rafaeltoneto/Documents/TCC/AvaliacaoBuild/maeuse-ios/Build/Intermediates.noindex/Maeuse.build/Debug-iphonesimulator/Maeuse.build/assetcatalog_dependencies --output-partial-info-plist /Users/rafaeltoneto/Documents/TCC/AvaliacaoBuild/maeuse-ios/Build/Intermediates.noindex/Maeuse.build/Debug-iphonesimulator/Maeuse.build/assetcatalog_generated_info.plist --app-icon AppIcon --accent-color AccentColor --compress-pngs --enable-on-demand-resources YES --development-region en --target-device iphone --minimum-deployment-target 17.0 --platform iphonesimulator --bundle-identifier com.michaeldiestelberg.maeuse --generate-swift-asset-symbol-extensions NO --generate-swift-asset-symbols /Users/rafaeltoneto/Documents/TCC/AvaliacaoBuild/maeuse-ios/Build/Intermediates.noindex/Maeuse.build/Debug-iphonesimulator/Maeuse.build/DerivedSources/GeneratedAssetSymbols.swift --generate-objc-asset-symbols /Users/rafaeltoneto/Documents/TCC/AvaliacaoBuild/maeuse-ios/Build/Intermediates.noindex/Maeuse.build/Debug-iphonesimulator/Maeuse.build/DerivedSources/GeneratedAssetSymbols.h --generate-asset-symbol-index /Users/rafaeltoneto/Documents/TCC/AvaliacaoBuild/maeuse-ios/Build/Intermediates.noindex/Maeuse.build/Debug-iphonesimulator/Maeuse.build/DerivedSources/GeneratedAssetSymbols-Index.plist
/* com.apple.actool.compilation-results */
/Users/rafaeltoneto/Documents/TCC/AvaliacaoBuild/maeuse-ios/Build/Intermediates.noindex/Maeuse.build/Debug-iphonesimulator/Maeuse.build/DerivedSources/GeneratedAssetSymbols-Index.plist
/Users/rafaeltoneto/Documents/TCC/AvaliacaoBuild/maeuse-ios/Build/Intermediates.noindex/Maeuse.build/Debug-iphonesimulator/Maeuse.build/DerivedSources/GeneratedAssetSymbols.h
/Users/rafaeltoneto/Documents/TCC/AvaliacaoBuild/maeuse-ios/Build/Intermediates.noindex/Maeuse.build/Debug-iphonesimulator/Maeuse.build/DerivedSources/GeneratedAssetSymbols.swift


MkDir /Users/rafaeltoneto/Documents/TCC/AvaliacaoBuild/maeuse-ios/Build/Intermediates.noindex/Maeuse.build/Debug-iphonesimulator/Maeuse.build/assetcatalog_output/thinned (in target 'Maeuse' from project 'Maeuse')
    cd /Users/rafaeltoneto/Documents/TCC/ProjetosExternos/maeuse-ios
    /bin/mkdir -p /Users/rafaeltoneto/Documents/TCC/AvaliacaoBuild/maeuse-ios/Build/Intermediates.noindex/Maeuse.build/Debug-iphonesimulator/Maeuse.build/assetcatalog_output/thinned

MkDir /Users/rafaeltoneto/Documents/TCC/AvaliacaoBuild/maeuse-ios/Build/Intermediates.noindex/Maeuse.build/Debug-iphonesimulator/Maeuse.build/assetcatalog_output/unthinned (in target 'Maeuse' from project 'Maeuse')
    cd /Users/rafaeltoneto/Documents/TCC/ProjetosExternos/maeuse-ios
    /bin/mkdir -p /Users/rafaeltoneto/Documents/TCC/AvaliacaoBuild/maeuse-ios/Build/Intermediates.noindex/Maeuse.build/Debug-iphonesimulator/Maeuse.build/assetcatalog_output/unthinned

CompileAssetCatalogVariant thinned /Users/rafaeltoneto/Documents/TCC/AvaliacaoBuild/maeuse-ios/Build/Products/Debug-iphonesimulator/Maeuse.app /Users/rafaeltoneto/Documents/TCC/ProjetosExternos/maeuse-ios/Maeuse/Assets.xcassets (in target 'Maeuse' from project 'Maeuse')
    cd /Users/rafaeltoneto/Documents/TCC/ProjetosExternos/maeuse-ios
    /Applications/Xcode.app/Contents/Developer/usr/bin/actool /Users/rafaeltoneto/Documents/TCC/ProjetosExternos/maeuse-ios/Maeuse/Assets.xcassets --compile /Users/rafaeltoneto/Documents/TCC/AvaliacaoBuild/maeuse-ios/Build/Intermediates.noindex/Maeuse.build/Debug-iphonesimulator/Maeuse.build/assetcatalog_output/thinned --output-format human-readable-text --notices --warnings --export-dependency-info /Users/rafaeltoneto/Documents/TCC/AvaliacaoBuild/maeuse-ios/Build/Intermediates.noindex/Maeuse.build/Debug-iphonesimulator/Maeuse.build/assetcatalog_dependencies_thinned --output-partial-info-plist /Users/rafaeltoneto/Documents/TCC/AvaliacaoBuild/maeuse-ios/Build/Intermediates.noindex/Maeuse.build/Debug-iphonesimulator/Maeuse.build/assetcatalog_generated_info.plist_thinned --app-icon AppIcon --accent-color AccentColor --compress-pngs --enable-on-demand-resources YES --development-region en --target-device iphone --minimum-deployment-target 17.0 --platform iphonesimulator
/* com.apple.actool.compilation-results */
/Users/rafaeltoneto/Documents/TCC/AvaliacaoBuild/maeuse-ios/Build/Intermediates.noindex/Maeuse.build/Debug-iphonesimulator/Maeuse.build/assetcatalog_generated_info.plist_thinned
/Users/rafaeltoneto/Documents/TCC/AvaliacaoBuild/maeuse-ios/Build/Intermediates.noindex/Maeuse.build/Debug-iphonesimulator/Maeuse.build/assetcatalog_output/thinned/AppIcon60x60@2x.png
/Users/rafaeltoneto/Documents/TCC/AvaliacaoBuild/maeuse-ios/Build/Intermediates.noindex/Maeuse.build/Debug-iphonesimulator/Maeuse.build/assetcatalog_output/thinned/AppIcon76x76@2x~ipad.png
/Users/rafaeltoneto/Documents/TCC/AvaliacaoBuild/maeuse-ios/Build/Intermediates.noindex/Maeuse.build/Debug-iphonesimulator/Maeuse.build/assetcatalog_output/thinned/Assets.car


SwiftDriver Maeuse normal x86_64 com.apple.xcode.tools.swift.compiler (in target 'Maeuse' from project 'Maeuse')
    cd /Users/rafaeltoneto/Documents/TCC/ProjetosExternos/maeuse-ios
    builtin-SwiftDriver -- /Applications/Xcode.app/Contents/Developer/Toolchains/XcodeDefault.xctoolchain/usr/bin/swiftc -module-name Maeuse -O @/Users/rafaeltoneto/Documents/TCC/AvaliacaoBuild/maeuse-ios/Build/Intermediates.noindex/Maeuse.build/Debug-iphonesimulator/Maeuse.build/Objects-normal/x86_64/Maeuse.SwiftFileList -enable-upcoming-feature StrictConcurrency -enable-bare-slash-regex -enable-experimental-feature DebugDescriptionMacro -sdk /Applications/Xcode.app/Contents/Developer/Platforms/iPhoneSimulator.platform/Developer/SDKs/iPhoneSimulator27.0.sdk -target x86_64-apple-ios17.0-simulator -g -module-cache-path /Users/rafaeltoneto/Documents/TCC/AvaliacaoBuild/maeuse-ios/ModuleCache.noindex -Xfrontend -serialize-debugging-options -profile-coverage-mapping -profile-generate -enable-testing -Xcc -D_LIBCPP_HARDENING_MODE\=_LIBCPP_HARDENING_MODE_DEBUG -swift-version 5 -I /Users/rafaeltoneto/Documents/TCC/AvaliacaoBuild/maeuse-ios/Build/Products/Debug-iphonesimulator -F /Users/rafaeltoneto/Documents/TCC/AvaliacaoBuild/maeuse-ios/Build/Products/Debug-iphonesimulator -emit-localized-strings -emit-localized-strings-path /Users/rafaeltoneto/Documents/TCC/AvaliacaoBuild/maeuse-ios/Build/Intermediates.noindex/Maeuse.build/Debug-iphonesimulator/Maeuse.build/Objects-normal/x86_64 -c -j10 -enable-batch-mode -incremental -Xcc -ivfsstatcache -Xcc /Users/rafaeltoneto/Documents/TCC/AvaliacaoBuild/maeuse-ios/SDKStatCaches.noindex/iphonesimulator27.0-24A430-8dc58220667be655e1bcc261a7455254.sdkstatcache -output-file-map /Users/rafaeltoneto/Documents/TCC/AvaliacaoBuild/maeuse-ios/Build/Intermediates.noindex/Maeuse.build/Debug-iphonesimulator/Maeuse.build/Objects-normal/x86_64/Maeuse-OutputFileMap.json -save-temps -no-color-diagnostics -explicit-module-build -module-cache-path /Users/rafaeltoneto/Documents/TCC/AvaliacaoBuild/maeuse-ios/Build/Intermediates.noindex/SwiftExplicitPrecompiledModules -clang-scanner-module-cache-path /Users/rafaeltoneto/Documents/TCC/AvaliacaoBuild/maeuse-ios/ModuleCache.noindex -sdk-module-cache-path /Users/rafaeltoneto/Documents/TCC/AvaliacaoBuild/maeuse-ios/SDKExplicitPrecompiledModules -emit-dependencies -emit-module -emit-module-path /Users/rafaeltoneto/Documents/TCC/AvaliacaoBuild/maeuse-ios/Build/Intermediates.noindex/Maeuse.build/Debug-iphonesimulator/Maeuse.build/Objects-normal/x86_64/Maeuse.swiftmodule -serialize-diagnostics -dependency-scan-serialize-diagnostics-path /Users/rafaeltoneto/Documents/TCC/AvaliacaoBuild/maeuse-ios/Build/Intermediates.noindex/Maeuse.build/Debug-iphonesimulator/Maeuse.build/Objects-normal/x86_64/Maeuse-dependency-scan.dia -validate-clang-modules-once -clang-build-session-file /Users/rafaeltoneto/Documents/TCC/AvaliacaoBuild/maeuse-ios/ModuleCache.noindex/Session.modulevalidation -Xcc -fmodules-prune-interval\=86400 -Xcc -fmodules-prune-after\=345600 -emit-const-values -const-gather-protocols-list /Users/rafaeltoneto/Documents/TCC/AvaliacaoBuild/maeuse-ios/Build/Intermediates.noindex/Maeuse.build/Debug-iphonesimulator/Maeuse.build/Objects-normal/x86_64/Maeuse_const_extract_protocols.json -Xcc -iquote -Xcc /Users/rafaeltoneto/Documents/TCC/AvaliacaoBuild/maeuse-ios/Build/Intermediates.noindex/Maeuse.build/Debug-iphonesimulator/Maeuse.build/Maeuse-generated-files.hmap -Xcc -I/Users/rafaeltoneto/Documents/TCC/AvaliacaoBuild/maeuse-ios/Build/Intermediates.noindex/Maeuse.build/Debug-iphonesimulator/Maeuse.build/Maeuse-own-target-headers.hmap -Xcc -I/Users/rafaeltoneto/Documents/TCC/AvaliacaoBuild/maeuse-ios/Build/Intermediates.noindex/Maeuse.build/Debug-iphonesimulator/Maeuse.build/Maeuse-all-target-headers.hmap -Xcc -iquote -Xcc /Users/rafaeltoneto/Documents/TCC/AvaliacaoBuild/maeuse-ios/Build/Intermediates.noindex/Maeuse.build/Debug-iphonesimulator/Maeuse.build/Maeuse-project-headers.hmap -Xcc -I/Users/rafaeltoneto/Documents/TCC/AvaliacaoBuild/maeuse-ios/Build/Products/Debug-iphonesimulator/include -Xcc -I/Users/rafaeltoneto/Documents/TCC/AvaliacaoBuild/maeuse-ios/Build/Intermediates.noindex/Maeuse.build/Debug-iphonesimulator/Maeuse.build/DerivedSources-normal/x86_64 -Xcc -I/Users/rafaeltoneto/Documents/TCC/AvaliacaoBuild/maeuse-ios/Build/Intermediates.noindex/Maeuse.build/Debug-iphonesimulator/Maeuse.build/DerivedSources/x86_64 -Xcc -I/Users/rafaeltoneto/Documents/TCC/AvaliacaoBuild/maeuse-ios/Build/Intermediates.noindex/Maeuse.build/Debug-iphonesimulator/Maeuse.build/DerivedSources -Xcc -DDEBUG\=1 -emit-objc-header -emit-objc-header-path /Users/rafaeltoneto/Documents/TCC/AvaliacaoBuild/maeuse-ios/Build/Intermediates.noindex/Maeuse.build/Debug-iphonesimulator/Maeuse.build/Objects-normal/x86_64/Maeuse-Swift.h -working-directory /Users/rafaeltoneto/Documents/TCC/ProjetosExternos/maeuse-ios -experimental-emit-module-separately -disable-cmo

SwiftDriver Maeuse normal arm64 com.apple.xcode.tools.swift.compiler (in target 'Maeuse' from project 'Maeuse')
    cd /Users/rafaeltoneto/Documents/TCC/ProjetosExternos/maeuse-ios
    builtin-SwiftDriver -- /Applications/Xcode.app/Contents/Developer/Toolchains/XcodeDefault.xctoolchain/usr/bin/swiftc -module-name Maeuse -O @/Users/rafaeltoneto/Documents/TCC/AvaliacaoBuild/maeuse-ios/Build/Intermediates.noindex/Maeuse.build/Debug-iphonesimulator/Maeuse.build/Objects-normal/arm64/Maeuse.SwiftFileList -enable-upcoming-feature StrictConcurrency -enable-bare-slash-regex -enable-experimental-feature DebugDescriptionMacro -sdk /Applications/Xcode.app/Contents/Developer/Platforms/iPhoneSimulator.platform/Developer/SDKs/iPhoneSimulator27.0.sdk -target arm64-apple-ios17.0-simulator -g -module-cache-path /Users/rafaeltoneto/Documents/TCC/AvaliacaoBuild/maeuse-ios/ModuleCache.noindex -Xfrontend -serialize-debugging-options -profile-coverage-mapping -profile-generate -enable-testing -Xcc -D_LIBCPP_HARDENING_MODE\=_LIBCPP_HARDENING_MODE_DEBUG -swift-version 5 -I /Users/rafaeltoneto/Documents/TCC/AvaliacaoBuild/maeuse-ios/Build/Products/Debug-iphonesimulator -F /Users/rafaeltoneto/Documents/TCC/AvaliacaoBuild/maeuse-ios/Build/Products/Debug-iphonesimulator -emit-localized-strings -emit-localized-strings-path /Users/rafaeltoneto/Documents/TCC/AvaliacaoBuild/maeuse-ios/Build/Intermediates.noindex/Maeuse.build/Debug-iphonesimulator/Maeuse.build/Objects-normal/arm64 -c -j10 -enable-batch-mode -incremental -Xcc -ivfsstatcache -Xcc /Users/rafaeltoneto/Documents/TCC/AvaliacaoBuild/maeuse-ios/SDKStatCaches.noindex/iphonesimulator27.0-24A430-8dc58220667be655e1bcc261a7455254.sdkstatcache -output-file-map /Users/rafaeltoneto/Documents/TCC/AvaliacaoBuild/maeuse-ios/Build/Intermediates.noindex/Maeuse.build/Debug-iphonesimulator/Maeuse.build/Objects-normal/arm64/Maeuse-OutputFileMap.json -save-temps -no-color-diagnostics -explicit-module-build -module-cache-path /Users/rafaeltoneto/Documents/TCC/AvaliacaoBuild/maeuse-ios/Build/Intermediates.noindex/SwiftExplicitPrecompiledModules -clang-scanner-module-cache-path /Users/rafaeltoneto/Documents/TCC/AvaliacaoBuild/maeuse-ios/ModuleCache.noindex -sdk-module-cache-path /Users/rafaeltoneto/Documents/TCC/AvaliacaoBuild/maeuse-ios/SDKExplicitPrecompiledModules -emit-dependencies -emit-module -emit-module-path /Users/rafaeltoneto/Documents/TCC/AvaliacaoBuild/maeuse-ios/Build/Intermediates.noindex/Maeuse.build/Debug-iphonesimulator/Maeuse.build/Objects-normal/arm64/Maeuse.swiftmodule -serialize-diagnostics -dependency-scan-serialize-diagnostics-path /Users/rafaeltoneto/Documents/TCC/AvaliacaoBuild/maeuse-ios/Build/Intermediates.noindex/Maeuse.build/Debug-iphonesimulator/Maeuse.build/Objects-normal/arm64/Maeuse-dependency-scan.dia -validate-clang-modules-once -clang-build-session-file /Users/rafaeltoneto/Documents/TCC/AvaliacaoBuild/maeuse-ios/ModuleCache.noindex/Session.modulevalidation -Xcc -fmodules-prune-interval\=86400 -Xcc -fmodules-prune-after\=345600 -emit-const-values -const-gather-protocols-list /Users/rafaeltoneto/Documents/TCC/AvaliacaoBuild/maeuse-ios/Build/Intermediates.noindex/Maeuse.build/Debug-iphonesimulator/Maeuse.build/Objects-normal/arm64/Maeuse_const_extract_protocols.json -Xcc -iquote -Xcc /Users/rafaeltoneto/Documents/TCC/AvaliacaoBuild/maeuse-ios/Build/Intermediates.noindex/Maeuse.build/Debug-iphonesimulator/Maeuse.build/Maeuse-generated-files.hmap -Xcc -I/Users/rafaeltoneto/Documents/TCC/AvaliacaoBuild/maeuse-ios/Build/Intermediates.noindex/Maeuse.build/Debug-iphonesimulator/Maeuse.build/Maeuse-own-target-headers.hmap -Xcc -I/Users/rafaeltoneto/Documents/TCC/AvaliacaoBuild/maeuse-ios/Build/Intermediates.noindex/Maeuse.build/Debug-iphonesimulator/Maeuse.build/Maeuse-all-target-headers.hmap -Xcc -iquote -Xcc /Users/rafaeltoneto/Documents/TCC/AvaliacaoBuild/maeuse-ios/Build/Intermediates.noindex/Maeuse.build/Debug-iphonesimulator/Maeuse.build/Maeuse-project-headers.hmap -Xcc -I/Users/rafaeltoneto/Documents/TCC/AvaliacaoBuild/maeuse-ios/Build/Products/Debug-iphonesimulator/include -Xcc -I/Users/rafaeltoneto/Documents/TCC/AvaliacaoBuild/maeuse-ios/Build/Intermediates.noindex/Maeuse.build/Debug-iphonesimulator/Maeuse.build/DerivedSources-normal/arm64 -Xcc -I/Users/rafaeltoneto/Documents/TCC/AvaliacaoBuild/maeuse-ios/Build/Intermediates.noindex/Maeuse.build/Debug-iphonesimulator/Maeuse.build/DerivedSources/arm64 -Xcc -I/Users/rafaeltoneto/Documents/TCC/AvaliacaoBuild/maeuse-ios/Build/Intermediates.noindex/Maeuse.build/Debug-iphonesimulator/Maeuse.build/DerivedSources -Xcc -DDEBUG\=1 -emit-objc-header -emit-objc-header-path /Users/rafaeltoneto/Documents/TCC/AvaliacaoBuild/maeuse-ios/Build/Intermediates.noindex/Maeuse.build/Debug-iphonesimulator/Maeuse.build/Objects-normal/arm64/Maeuse-Swift.h -working-directory /Users/rafaeltoneto/Documents/TCC/ProjetosExternos/maeuse-ios -experimental-emit-module-separately -disable-cmo

SwiftDriverJobDiscovery normal arm64 Compiling AddExpenseIntent.swift (in target 'MaeuseControls' from project 'Maeuse')

SwiftDriverJobDiscovery normal arm64 Compiling CaptureLaunchRouter.swift (in target 'MaeuseControls' from project 'Maeuse')

SwiftExplicitDependencyGeneratePcm x86_64 /Users/rafaeltoneto/Documents/TCC/AvaliacaoBuild/maeuse-ios/SDKExplicitPrecompiledModules/_SwiftConcurrencyShims-D6GFMN700T563ODV229OHLMFT.pcm

SwiftExplicitDependencyGeneratePcm x86_64 /Users/rafaeltoneto/Documents/TCC/AvaliacaoBuild/maeuse-ios/SDKExplicitPrecompiledModules/_Builtin_stddef-31YI6OWJBQGCCD2FW926WCFUN.pcm

SwiftExplicitDependencyGeneratePcm x86_64 /Users/rafaeltoneto/Documents/TCC/AvaliacaoBuild/maeuse-ios/SDKExplicitPrecompiledModules/_Builtin_stdbool-46KHAFDG57FFKY2BD25XNJCFB.pcm

SwiftExplicitDependencyGeneratePcm x86_64 /Users/rafaeltoneto/Documents/TCC/AvaliacaoBuild/maeuse-ios/SDKExplicitPrecompiledModules/ptrcheck-BSJPA619BJA6LD4490R4R4264.pcm

SwiftExplicitDependencyGeneratePcm x86_64 /Users/rafaeltoneto/Documents/TCC/AvaliacaoBuild/maeuse-ios/SDKExplicitPrecompiledModules/DeveloperToolsSupport-61LMHDR9F9O8GFHFOYGL0AIYO.pcm

SwiftExplicitDependencyGeneratePcm x86_64 /Users/rafaeltoneto/Documents/TCC/AvaliacaoBuild/maeuse-ios/SDKExplicitPrecompiledModules/_Builtin_float-CI4YHJ9HPJWGIWHHEH53VZEG9.pcm

SwiftExplicitDependencyGeneratePcm x86_64 /Users/rafaeltoneto/Documents/TCC/AvaliacaoBuild/maeuse-ios/SDKExplicitPrecompiledModules/_AvailabilityInternal-4UNM6IVWXYKUVXD71NDAU474D.pcm

SwiftExplicitDependencyGeneratePcm x86_64 /Users/rafaeltoneto/Documents/TCC/AvaliacaoBuild/maeuse-ios/SDKExplicitPrecompiledModules/ptrauth-40HCNV13I0TLT4N8N12I7FSOR.pcm

SwiftExplicitDependencyGeneratePcm x86_64 /Users/rafaeltoneto/Documents/TCC/AvaliacaoBuild/maeuse-ios/SDKExplicitPrecompiledModules/SwiftShims-1C1S5UR5WQF7XBWVG8X9RZDL0.pcm

SwiftExplicitDependencyGeneratePcm x86_64 /Users/rafaeltoneto/Documents/TCC/AvaliacaoBuild/maeuse-ios/SDKExplicitPrecompiledModules/_Builtin_stdarg-52N82TZNV4YKVFL51PRC8TQFK.pcm

SwiftExplicitDependencyGeneratePcm arm64 /Users/rafaeltoneto/Documents/TCC/AvaliacaoBuild/maeuse-ios/SDKExplicitPrecompiledModules/ptrcheck-6S0AZ0BNI69OQQDZ0PHSHKIKX.pcm

SwiftExplicitDependencyGeneratePcm arm64 /Users/rafaeltoneto/Documents/TCC/AvaliacaoBuild/maeuse-ios/SDKExplicitPrecompiledModules/_Builtin_stdarg-DGP3WDR01KV6GAZDMXSPXJQMO.pcm

SwiftExplicitDependencyGeneratePcm arm64 /Users/rafaeltoneto/Documents/TCC/AvaliacaoBuild/maeuse-ios/SDKExplicitPrecompiledModules/ptrauth-85Y2R4UFHXXTT90GGHS33Z8BX.pcm

SwiftExplicitDependencyGeneratePcm arm64 /Users/rafaeltoneto/Documents/TCC/AvaliacaoBuild/maeuse-ios/SDKExplicitPrecompiledModules/_Builtin_stdbool-44X1ID641B7Q94UCJ6S3NP687.pcm

SwiftExplicitDependencyGeneratePcm arm64 /Users/rafaeltoneto/Documents/TCC/AvaliacaoBuild/maeuse-ios/SDKExplicitPrecompiledModules/_AvailabilityInternal-A4C8204O4WDW2YLONJT04DVD4.pcm

SwiftExplicitDependencyGeneratePcm arm64 /Users/rafaeltoneto/Documents/TCC/AvaliacaoBuild/maeuse-ios/SDKExplicitPrecompiledModules/_SwiftConcurrencyShims-27RS7VIKDRI8MSAD51QE14DJ0.pcm

SwiftExplicitDependencyGeneratePcm arm64 /Users/rafaeltoneto/Documents/TCC/AvaliacaoBuild/maeuse-ios/SDKExplicitPrecompiledModules/SwiftShims-AC8KE7Z444JK67DXHTUXHGU2T.pcm

SwiftExplicitDependencyGeneratePcm arm64 /Users/rafaeltoneto/Documents/TCC/AvaliacaoBuild/maeuse-ios/SDKExplicitPrecompiledModules/_Builtin_stddef-1MHGLXJ3GZ002NWJPH5SYLN4Y.pcm

SwiftExplicitDependencyGeneratePcm arm64 /Users/rafaeltoneto/Documents/TCC/AvaliacaoBuild/maeuse-ios/SDKExplicitPrecompiledModules/DeveloperToolsSupport-9KXOX25E55WD09K0MZ3NTOQYY.pcm

SwiftExplicitDependencyGeneratePcm x86_64 /Users/rafaeltoneto/Documents/TCC/AvaliacaoBuild/maeuse-ios/SDKExplicitPrecompiledModules/_DarwinFoundation1-D5WFAFSR5PHVBWIV6XVRYOV84.pcm

SwiftExplicitDependencyGeneratePcm arm64 /Users/rafaeltoneto/Documents/TCC/AvaliacaoBuild/maeuse-ios/SDKExplicitPrecompiledModules/_Builtin_float-2Q2MPMLEMVB60FGH7KRZ862FQ.pcm

SwiftExplicitDependencyGeneratePcm arm64 /Users/rafaeltoneto/Documents/TCC/AvaliacaoBuild/maeuse-ios/SDKExplicitPrecompiledModules/_DarwinFoundation1-EK33ROPU03O4HQB0GZK5JW3FW.pcm

SwiftExplicitDependencyGeneratePcm x86_64 /Users/rafaeltoneto/Documents/TCC/AvaliacaoBuild/maeuse-ios/SDKExplicitPrecompiledModules/_Builtin_limits-5B4JD4N5Q1IXLZ5WUUJH1RPKR.pcm

SwiftExplicitDependencyGeneratePcm x86_64 /Users/rafaeltoneto/Documents/TCC/AvaliacaoBuild/maeuse-ios/SDKExplicitPrecompiledModules/ExtensionFoundation-EZIA46RW7A3TAJ52U5OTLLGDP.pcm

SwiftExplicitDependencyGeneratePcm x86_64 /Users/rafaeltoneto/Documents/TCC/AvaliacaoBuild/maeuse-ios/SDKExplicitPrecompiledModules/_DarwinFoundation2-C6NRRPNI9CFBSF9V5SCBUAMHH.pcm

SwiftDriverJobDiscovery normal x86_64 Compiling CaptureExpenseWidgets.swift (in target 'MaeuseControls' from project 'Maeuse')

SwiftDriver\ Compilation MaeuseControls normal x86_64 com.apple.xcode.tools.swift.compiler (in target 'MaeuseControls' from project 'Maeuse')
    cd /Users/rafaeltoneto/Documents/TCC/ProjetosExternos/maeuse-ios
    builtin-Swift-Compilation -- /Applications/Xcode.app/Contents/Developer/Toolchains/XcodeDefault.xctoolchain/usr/bin/swiftc -module-name MaeuseControls -O @/Users/rafaeltoneto/Documents/TCC/AvaliacaoBuild/maeuse-ios/Build/Intermediates.noindex/Maeuse.build/Debug-iphonesimulator/MaeuseControls.build/Objects-normal/x86_64/MaeuseControls.SwiftFileList -enable-upcoming-feature StrictConcurrency -enable-bare-slash-regex -enable-experimental-feature DebugDescriptionMacro -sdk /Applications/Xcode.app/Contents/Developer/Platforms/iPhoneSimulator.platform/Developer/SDKs/iPhoneSimulator27.0.sdk -target x86_64-apple-ios18.0-simulator -g -module-cache-path /Users/rafaeltoneto/Documents/TCC/AvaliacaoBuild/maeuse-ios/ModuleCache.noindex -Xfrontend -serialize-debugging-options -application-extension -profile-coverage-mapping -profile-generate -enable-testing -Xcc -D_LIBCPP_HARDENING_MODE\=_LIBCPP_HARDENING_MODE_DEBUG -swift-version 5 -I /Users/rafaeltoneto/Documents/TCC/AvaliacaoBuild/maeuse-ios/Build/Products/Debug-iphonesimulator -F /Users/rafaeltoneto/Documents/TCC/AvaliacaoBuild/maeuse-ios/Build/Products/Debug-iphonesimulator -emit-localized-strings -emit-localized-strings-path /Users/rafaeltoneto/Documents/TCC/AvaliacaoBuild/maeuse-ios/Build/Intermediates.noindex/Maeuse.build/Debug-iphonesimulator/MaeuseControls.build/Objects-normal/x86_64 -c -j10 -enable-batch-mode -incremental -Xcc -ivfsstatcache -Xcc /Users/rafaeltoneto/Documents/TCC/AvaliacaoBuild/maeuse-ios/SDKStatCaches.noindex/iphonesimulator27.0-24A430-8dc58220667be655e1bcc261a7455254.sdkstatcache -output-file-map /Users/rafaeltoneto/Documents/TCC/AvaliacaoBuild/maeuse-ios/Build/Intermediates.noindex/Maeuse.build/Debug-iphonesimulator/MaeuseControls.build/Objects-normal/x86_64/MaeuseControls-OutputFileMap.json -save-temps -no-color-diagnostics -explicit-module-build -module-cache-path /Users/rafaeltoneto/Documents/TCC/AvaliacaoBuild/maeuse-ios/Build/Intermediates.noindex/SwiftExplicitPrecompiledModules -clang-scanner-module-cache-path /Users/rafaeltoneto/Documents/TCC/AvaliacaoBuild/maeuse-ios/ModuleCache.noindex -sdk-module-cache-path /Users/rafaeltoneto/Documents/TCC/AvaliacaoBuild/maeuse-ios/SDKExplicitPrecompiledModules -emit-dependencies -emit-module -emit-module-path /Users/rafaeltoneto/Documents/TCC/AvaliacaoBuild/maeuse-ios/Build/Intermediates.noindex/Maeuse.build/Debug-iphonesimulator/MaeuseControls.build/Objects-normal/x86_64/MaeuseControls.swiftmodule -serialize-diagnostics -dependency-scan-serialize-diagnostics-path /Users/rafaeltoneto/Documents/TCC/AvaliacaoBuild/maeuse-ios/Build/Intermediates.noindex/Maeuse.build/Debug-iphonesimulator/MaeuseControls.build/Objects-normal/x86_64/MaeuseControls-dependency-scan.dia -validate-clang-modules-once -clang-build-session-file /Users/rafaeltoneto/Documents/TCC/AvaliacaoBuild/maeuse-ios/ModuleCache.noindex/Session.modulevalidation -Xcc -fmodules-prune-interval\=86400 -Xcc -fmodules-prune-after\=345600 -emit-const-values -const-gather-protocols-list /Users/rafaeltoneto/Documents/TCC/AvaliacaoBuild/maeuse-ios/Build/Intermediates.noindex/Maeuse.build/Debug-iphonesimulator/MaeuseControls.build/Objects-normal/x86_64/MaeuseControls_const_extract_protocols.json -Xcc -iquote -Xcc /Users/rafaeltoneto/Documents/TCC/AvaliacaoBuild/maeuse-ios/Build/Intermediates.noindex/Maeuse.build/Debug-iphonesimulator/MaeuseControls.build/MaeuseControls-generated-files.hmap -Xcc -I/Users/rafaeltoneto/Documents/TCC/AvaliacaoBuild/maeuse-ios/Build/Intermediates.noindex/Maeuse.build/Debug-iphonesimulator/MaeuseControls.build/MaeuseControls-own-target-headers.hmap -Xcc -I/Users/rafaeltoneto/Documents/TCC/AvaliacaoBuild/maeuse-ios/Build/Intermediates.noindex/Maeuse.build/Debug-iphonesimulator/MaeuseControls.build/MaeuseControls-all-target-headers.hmap -Xcc -iquote -Xcc /Users/rafaeltoneto/Documents/TCC/AvaliacaoBuild/maeuse-ios/Build/Intermediates.noindex/Maeuse.build/Debug-iphonesimulator/MaeuseControls.build/MaeuseControls-project-headers.hmap -Xcc -I/Users/rafaeltoneto/Documents/TCC/AvaliacaoBuild/maeuse-ios/Build/Products/Debug-iphonesimulator/include -Xcc -I/Users/rafaeltoneto/Documents/TCC/AvaliacaoBuild/maeuse-ios/Build/Intermediates.noindex/Maeuse.build/Debug-iphonesimulator/MaeuseControls.build/DerivedSources-normal/x86_64 -Xcc -I/Users/rafaeltoneto/Documents/TCC/AvaliacaoBuild/maeuse-ios/Build/Intermediates.noindex/Maeuse.build/Debug-iphonesimulator/MaeuseControls.build/DerivedSources/x86_64 -Xcc -I/Users/rafaeltoneto/Documents/TCC/AvaliacaoBuild/maeuse-ios/Build/Intermediates.noindex/Maeuse.build/Debug-iphonesimulator/MaeuseControls.build/DerivedSources -Xcc -DDEBUG\=1 -emit-objc-header -emit-objc-header-path /Users/rafaeltoneto/Documents/TCC/AvaliacaoBuild/maeuse-ios/Build/Intermediates.noindex/Maeuse.build/Debug-iphonesimulator/MaeuseControls.build/Objects-normal/x86_64/MaeuseControls-Swift.h -working-directory /Users/rafaeltoneto/Documents/TCC/ProjetosExternos/maeuse-ios -experimental-emit-module-separately -disable-cmo

Ld /Users/rafaeltoneto/Documents/TCC/AvaliacaoBuild/maeuse-ios/Build/Intermediates.noindex/Maeuse.build/Debug-iphonesimulator/MaeuseControls.build/Objects-normal/x86_64/Binary/MaeuseControls normal x86_64 (in target 'MaeuseControls' from project 'Maeuse')
    cd /Users/rafaeltoneto/Documents/TCC/ProjetosExternos/maeuse-ios
    /Applications/Xcode.app/Contents/Developer/Toolchains/XcodeDefault.xctoolchain/usr/bin/clang -Xlinker -reproducible -target x86_64-apple-ios18.0-simulator -isysroot /Applications/Xcode.app/Contents/Developer/Platforms/iPhoneSimulator.platform/Developer/SDKs/iPhoneSimulator27.0.sdk -O0 -Xlinker -no_warn_duplicate_libraries -L/Users/rafaeltoneto/Documents/TCC/AvaliacaoBuild/maeuse-ios/Build/Intermediates.noindex/EagerLinkingTBDs/Debug-iphonesimulator -L/Users/rafaeltoneto/Documents/TCC/AvaliacaoBuild/maeuse-ios/Build/Products/Debug-iphonesimulator -F/Users/rafaeltoneto/Documents/TCC/AvaliacaoBuild/maeuse-ios/Build/Intermediates.noindex/EagerLinkingTBDs/Debug-iphonesimulator -F/Users/rafaeltoneto/Documents/TCC/AvaliacaoBuild/maeuse-ios/Build/Products/Debug-iphonesimulator -filelist /Users/rafaeltoneto/Documents/TCC/AvaliacaoBuild/maeuse-ios/Build/Intermediates.noindex/Maeuse.build/Debug-iphonesimulator/MaeuseControls.build/Objects-normal/x86_64/MaeuseControls.LinkFileList -Xlinker -rpath -Xlinker /usr/lib/swift -Xlinker -rpath -Xlinker @executable_path/Frameworks -Xlinker -rpath -Xlinker @executable_path/../../Frameworks -Xlinker -dead_strip -Xlinker -object_path_lto -Xlinker /Users/rafaeltoneto/Documents/TCC/AvaliacaoBuild/maeuse-ios/Build/Intermediates.noindex/Maeuse.build/Debug-iphonesimulator/MaeuseControls.build/Objects-normal/x86_64/MaeuseControls_lto.o -rdynamic -Xlinker -no_deduplicate -Xlinker -objc_abi_version -Xlinker 2 -Xlinker -debug_variant -Xlinker -dependency_info -Xlinker /Users/rafaeltoneto/Documents/TCC/AvaliacaoBuild/maeuse-ios/Build/Intermediates.noindex/Maeuse.build/Debug-iphonesimulator/MaeuseControls.build/Objects-normal/x86_64/MaeuseControls_dependency_info.dat -e _NSExtensionMain -fapplication-extension -fobjc-link-runtime -fprofile-instr-generate -L/Applications/Xcode.app/Contents/Developer/Toolchains/XcodeDefault.xctoolchain/usr/lib/swift/iphonesimulator -L/usr/lib/swift -Xlinker -add_ast_path -Xlinker /Users/rafaeltoneto/Documents/TCC/AvaliacaoBuild/maeuse-ios/Build/Intermediates.noindex/Maeuse.build/Debug-iphonesimulator/MaeuseControls.build/Objects-normal/x86_64/MaeuseControls.swiftmodule -o /Users/rafaeltoneto/Documents/TCC/AvaliacaoBuild/maeuse-ios/Build/Intermediates.noindex/Maeuse.build/Debug-iphonesimulator/MaeuseControls.build/Objects-normal/x86_64/Binary/MaeuseControls

SwiftExplicitDependencyGeneratePcm arm64 /Users/rafaeltoneto/Documents/TCC/AvaliacaoBuild/maeuse-ios/SDKExplicitPrecompiledModules/_DarwinFoundation2-ATMZE79MQUSDPB8V3U1DGQ1K1.pcm

SwiftExplicitDependencyGeneratePcm arm64 /Users/rafaeltoneto/Documents/TCC/AvaliacaoBuild/maeuse-ios/SDKExplicitPrecompiledModules/_Builtin_limits-3O376N8TXQ5ZUL5A5C8LUO3QM.pcm

SwiftExplicitDependencyGeneratePcm arm64 /Users/rafaeltoneto/Documents/TCC/AvaliacaoBuild/maeuse-ios/SDKExplicitPrecompiledModules/ExtensionFoundation-9FZ7OVKY76RNQ0V848V6KF6BS.pcm

SwiftExplicitDependencyGeneratePcm x86_64 /Users/rafaeltoneto/Documents/TCC/AvaliacaoBuild/maeuse-ios/SDKExplicitPrecompiledModules/_Builtin_tgmath-52QQXA49UNWJ3375LXWPLFF62.pcm

SwiftExplicitDependencyGeneratePcm x86_64 /Users/rafaeltoneto/Documents/TCC/AvaliacaoBuild/maeuse-ios/SDKExplicitPrecompiledModules/sys_types-37K2DET4UNY6WGCYWVAQ3T269.pcm

SwiftExplicitDependencyGeneratePcm x86_64 /Users/rafaeltoneto/Documents/TCC/AvaliacaoBuild/maeuse-ios/SDKExplicitPrecompiledModules/_Builtin_stdint-9YEUI0BBFWH0B3SN16W64FVPT.pcm

SwiftExplicitDependencyGeneratePcm x86_64 /Users/rafaeltoneto/Documents/TCC/AvaliacaoBuild/maeuse-ios/SDKExplicitPrecompiledModules/string_h-6HIJNLWXO33P5YPGTPTDRTSWG.pcm

SwiftExplicitDependencyGeneratePcm x86_64 /Users/rafaeltoneto/Documents/TCC/AvaliacaoBuild/maeuse-ios/SDKExplicitPrecompiledModules/_Builtin_stdatomic-2SGS766EMUCVJJLQWS9KLAMSY.pcm

SwiftExplicitDependencyGeneratePcm x86_64 /Users/rafaeltoneto/Documents/TCC/AvaliacaoBuild/maeuse-ios/SDKExplicitPrecompiledModules/_DarwinFoundation3-8XHHJMJ40ZVPGLMIMPVKY3I02.pcm

SwiftExplicitDependencyGeneratePcm arm64 /Users/rafaeltoneto/Documents/TCC/AvaliacaoBuild/maeuse-ios/SDKExplicitPrecompiledModules/string_h-BB00AUU3R7RKVHIUE8IF2B0H9.pcm

SwiftExplicitDependencyGeneratePcm arm64 /Users/rafaeltoneto/Documents/TCC/AvaliacaoBuild/maeuse-ios/SDKExplicitPrecompiledModules/sys_types-1MGIQBNL0T0XMV8P5KRU6QAJD.pcm

SwiftExplicitDependencyGeneratePcm arm64 /Users/rafaeltoneto/Documents/TCC/AvaliacaoBuild/maeuse-ios/SDKExplicitPrecompiledModules/_Builtin_stdint-AE56OBU3QO8GCPGWUI9MQFIW5.pcm

SwiftExplicitDependencyGeneratePcm arm64 /Users/rafaeltoneto/Documents/TCC/AvaliacaoBuild/maeuse-ios/SDKExplicitPrecompiledModules/_Builtin_tgmath-94Z4YGWLVG1NHFM2FKKUKBUX5.pcm

SwiftExplicitDependencyGeneratePcm x86_64 /Users/rafaeltoneto/Documents/TCC/AvaliacaoBuild/maeuse-ios/SDKExplicitPrecompiledModules/_Builtin_intrinsics-8JINWBVXJZ50TNAG06I3GEB0C.pcm

SwiftExplicitDependencyGeneratePcm x86_64 /Users/rafaeltoneto/Documents/TCC/AvaliacaoBuild/maeuse-ios/SDKExplicitPrecompiledModules/_Builtin_inttypes-CU1A159YV2GTH8IG325QSB7ZJ.pcm

SwiftExplicitDependencyGeneratePcm arm64 /Users/rafaeltoneto/Documents/TCC/AvaliacaoBuild/maeuse-ios/SDKExplicitPrecompiledModules/_DarwinFoundation3-CN5DKB4LN4MBIRX4QBMCNF2ZS.pcm

SwiftExplicitDependencyGeneratePcm arm64 /Users/rafaeltoneto/Documents/TCC/AvaliacaoBuild/maeuse-ios/SDKExplicitPrecompiledModules/_Builtin_stdatomic-97ZHN8XKS0LWWQ75KAMIMXV58.pcm

SwiftExplicitDependencyGeneratePcm arm64 /Users/rafaeltoneto/Documents/TCC/AvaliacaoBuild/maeuse-ios/SDKExplicitPrecompiledModules/_Builtin_intrinsics-4VFO0K86WKV7VCPJSTHJLIP1W.pcm

SwiftExplicitDependencyGeneratePcm x86_64 /Users/rafaeltoneto/Documents/TCC/AvaliacaoBuild/maeuse-ios/SDKExplicitPrecompiledModules/Darwin-1CIYI22VYPVUJISPH4EFT7M5V.pcm

SwiftExplicitDependencyGeneratePcm arm64 /Users/rafaeltoneto/Documents/TCC/AvaliacaoBuild/maeuse-ios/SDKExplicitPrecompiledModules/_Builtin_inttypes-CPQ3LDIF6JFNI3HEULEGSHO9B.pcm

SwiftExplicitDependencyGeneratePcm arm64 /Users/rafaeltoneto/Documents/TCC/AvaliacaoBuild/maeuse-ios/SDKExplicitPrecompiledModules/Darwin-4VHWUVG1QPUE1FIJ75KI563TS.pcm

SwiftExplicitDependencyGeneratePcm x86_64 /Users/rafaeltoneto/Documents/TCC/AvaliacaoBuild/maeuse-ios/SDKExplicitPrecompiledModules/ObjectiveC-G7LOE6W9PNJCY9ZY7NG663S5.pcm

SwiftExplicitDependencyGeneratePcm x86_64 /Users/rafaeltoneto/Documents/TCC/AvaliacaoBuild/maeuse-ios/SDKExplicitPrecompiledModules/MachO-AMI419JAWF6UF0U7G7EGAFFXI.pcm

SwiftDriverJobDiscovery normal arm64 Compiling CaptureExpenseWidgets.swift (in target 'MaeuseControls' from project 'Maeuse')

SwiftDriver\ Compilation MaeuseControls normal arm64 com.apple.xcode.tools.swift.compiler (in target 'MaeuseControls' from project 'Maeuse')
    cd /Users/rafaeltoneto/Documents/TCC/ProjetosExternos/maeuse-ios
    builtin-Swift-Compilation -- /Applications/Xcode.app/Contents/Developer/Toolchains/XcodeDefault.xctoolchain/usr/bin/swiftc -module-name MaeuseControls -O @/Users/rafaeltoneto/Documents/TCC/AvaliacaoBuild/maeuse-ios/Build/Intermediates.noindex/Maeuse.build/Debug-iphonesimulator/MaeuseControls.build/Objects-normal/arm64/MaeuseControls.SwiftFileList -enable-upcoming-feature StrictConcurrency -enable-bare-slash-regex -enable-experimental-feature DebugDescriptionMacro -sdk /Applications/Xcode.app/Contents/Developer/Platforms/iPhoneSimulator.platform/Developer/SDKs/iPhoneSimulator27.0.sdk -target arm64-apple-ios18.0-simulator -g -module-cache-path /Users/rafaeltoneto/Documents/TCC/AvaliacaoBuild/maeuse-ios/ModuleCache.noindex -Xfrontend -serialize-debugging-options -application-extension -profile-coverage-mapping -profile-generate -enable-testing -Xcc -D_LIBCPP_HARDENING_MODE\=_LIBCPP_HARDENING_MODE_DEBUG -swift-version 5 -I /Users/rafaeltoneto/Documents/TCC/AvaliacaoBuild/maeuse-ios/Build/Products/Debug-iphonesimulator -F /Users/rafaeltoneto/Documents/TCC/AvaliacaoBuild/maeuse-ios/Build/Products/Debug-iphonesimulator -emit-localized-strings -emit-localized-strings-path /Users/rafaeltoneto/Documents/TCC/AvaliacaoBuild/maeuse-ios/Build/Intermediates.noindex/Maeuse.build/Debug-iphonesimulator/MaeuseControls.build/Objects-normal/arm64 -c -j10 -enable-batch-mode -incremental -Xcc -ivfsstatcache -Xcc /Users/rafaeltoneto/Documents/TCC/AvaliacaoBuild/maeuse-ios/SDKStatCaches.noindex/iphonesimulator27.0-24A430-8dc58220667be655e1bcc261a7455254.sdkstatcache -output-file-map /Users/rafaeltoneto/Documents/TCC/AvaliacaoBuild/maeuse-ios/Build/Intermediates.noindex/Maeuse.build/Debug-iphonesimulator/MaeuseControls.build/Objects-normal/arm64/MaeuseControls-OutputFileMap.json -save-temps -no-color-diagnostics -explicit-module-build -module-cache-path /Users/rafaeltoneto/Documents/TCC/AvaliacaoBuild/maeuse-ios/Build/Intermediates.noindex/SwiftExplicitPrecompiledModules -clang-scanner-module-cache-path /Users/rafaeltoneto/Documents/TCC/AvaliacaoBuild/maeuse-ios/ModuleCache.noindex -sdk-module-cache-path /Users/rafaeltoneto/Documents/TCC/AvaliacaoBuild/maeuse-ios/SDKExplicitPrecompiledModules -emit-dependencies -emit-module -emit-module-path /Users/rafaeltoneto/Documents/TCC/AvaliacaoBuild/maeuse-ios/Build/Intermediates.noindex/Maeuse.build/Debug-iphonesimulator/MaeuseControls.build/Objects-normal/arm64/MaeuseControls.swiftmodule -serialize-diagnostics -dependency-scan-serialize-diagnostics-path /Users/rafaeltoneto/Documents/TCC/AvaliacaoBuild/maeuse-ios/Build/Intermediates.noindex/Maeuse.build/Debug-iphonesimulator/MaeuseControls.build/Objects-normal/arm64/MaeuseControls-dependency-scan.dia -validate-clang-modules-once -clang-build-session-file /Users/rafaeltoneto/Documents/TCC/AvaliacaoBuild/maeuse-ios/ModuleCache.noindex/Session.modulevalidation -Xcc -fmodules-prune-interval\=86400 -Xcc -fmodules-prune-after\=345600 -emit-const-values -const-gather-protocols-list /Users/rafaeltoneto/Documents/TCC/AvaliacaoBuild/maeuse-ios/Build/Intermediates.noindex/Maeuse.build/Debug-iphonesimulator/MaeuseControls.build/Objects-normal/arm64/MaeuseControls_const_extract_protocols.json -Xcc -iquote -Xcc /Users/rafaeltoneto/Documents/TCC/AvaliacaoBuild/maeuse-ios/Build/Intermediates.noindex/Maeuse.build/Debug-iphonesimulator/MaeuseControls.build/MaeuseControls-generated-files.hmap -Xcc -I/Users/rafaeltoneto/Documents/TCC/AvaliacaoBuild/maeuse-ios/Build/Intermediates.noindex/Maeuse.build/Debug-iphonesimulator/MaeuseControls.build/MaeuseControls-own-target-headers.hmap -Xcc -I/Users/rafaeltoneto/Documents/TCC/AvaliacaoBuild/maeuse-ios/Build/Intermediates.noindex/Maeuse.build/Debug-iphonesimulator/MaeuseControls.build/MaeuseControls-all-target-headers.hmap -Xcc -iquote -Xcc /Users/rafaeltoneto/Documents/TCC/AvaliacaoBuild/maeuse-ios/Build/Intermediates.noindex/Maeuse.build/Debug-iphonesimulator/MaeuseControls.build/MaeuseControls-project-headers.hmap -Xcc -I/Users/rafaeltoneto/Documents/TCC/AvaliacaoBuild/maeuse-ios/Build/Products/Debug-iphonesimulator/include -Xcc -I/Users/rafaeltoneto/Documents/TCC/AvaliacaoBuild/maeuse-ios/Build/Intermediates.noindex/Maeuse.build/Debug-iphonesimulator/MaeuseControls.build/DerivedSources-normal/arm64 -Xcc -I/Users/rafaeltoneto/Documents/TCC/AvaliacaoBuild/maeuse-ios/Build/Intermediates.noindex/Maeuse.build/Debug-iphonesimulator/MaeuseControls.build/DerivedSources/arm64 -Xcc -I/Users/rafaeltoneto/Documents/TCC/AvaliacaoBuild/maeuse-ios/Build/Intermediates.noindex/Maeuse.build/Debug-iphonesimulator/MaeuseControls.build/DerivedSources -Xcc -DDEBUG\=1 -emit-objc-header -emit-objc-header-path /Users/rafaeltoneto/Documents/TCC/AvaliacaoBuild/maeuse-ios/Build/Intermediates.noindex/Maeuse.build/Debug-iphonesimulator/MaeuseControls.build/Objects-normal/arm64/MaeuseControls-Swift.h -working-directory /Users/rafaeltoneto/Documents/TCC/ProjetosExternos/maeuse-ios -experimental-emit-module-separately -disable-cmo

SwiftExplicitDependencyGeneratePcm arm64 /Users/rafaeltoneto/Documents/TCC/AvaliacaoBuild/maeuse-ios/SDKExplicitPrecompiledModules/simd-94O7ZBNFRV03M2LP61K0QMGVT.pcm

SwiftExplicitDependencyGeneratePcm arm64 /Users/rafaeltoneto/Documents/TCC/AvaliacaoBuild/maeuse-ios/SDKExplicitPrecompiledModules/MachO-2Z3IA1S5WN18RYDF1Q1U0JPC3.pcm

SwiftExplicitDependencyGeneratePcm arm64 /Users/rafaeltoneto/Documents/TCC/AvaliacaoBuild/maeuse-ios/SDKExplicitPrecompiledModules/ObjectiveC-E0LHONKWDMGU8VGT2GBIU2SLG.pcm

Ld /Users/rafaeltoneto/Documents/TCC/AvaliacaoBuild/maeuse-ios/Build/Intermediates.noindex/Maeuse.build/Debug-iphonesimulator/MaeuseControls.build/Objects-normal/arm64/Binary/MaeuseControls normal arm64 (in target 'MaeuseControls' from project 'Maeuse')
    cd /Users/rafaeltoneto/Documents/TCC/ProjetosExternos/maeuse-ios
    /Applications/Xcode.app/Contents/Developer/Toolchains/XcodeDefault.xctoolchain/usr/bin/clang -Xlinker -reproducible -target arm64-apple-ios18.0-simulator -isysroot /Applications/Xcode.app/Contents/Developer/Platforms/iPhoneSimulator.platform/Developer/SDKs/iPhoneSimulator27.0.sdk -O0 -Xlinker -no_warn_duplicate_libraries -L/Users/rafaeltoneto/Documents/TCC/AvaliacaoBuild/maeuse-ios/Build/Intermediates.noindex/EagerLinkingTBDs/Debug-iphonesimulator -L/Users/rafaeltoneto/Documents/TCC/AvaliacaoBuild/maeuse-ios/Build/Products/Debug-iphonesimulator -F/Users/rafaeltoneto/Documents/TCC/AvaliacaoBuild/maeuse-ios/Build/Intermediates.noindex/EagerLinkingTBDs/Debug-iphonesimulator -F/Users/rafaeltoneto/Documents/TCC/AvaliacaoBuild/maeuse-ios/Build/Products/Debug-iphonesimulator -filelist /Users/rafaeltoneto/Documents/TCC/AvaliacaoBuild/maeuse-ios/Build/Intermediates.noindex/Maeuse.build/Debug-iphonesimulator/MaeuseControls.build/Objects-normal/arm64/MaeuseControls.LinkFileList -Xlinker -rpath -Xlinker /usr/lib/swift -Xlinker -rpath -Xlinker @executable_path/Frameworks -Xlinker -rpath -Xlinker @executable_path/../../Frameworks -Xlinker -dead_strip -Xlinker -object_path_lto -Xlinker /Users/rafaeltoneto/Documents/TCC/AvaliacaoBuild/maeuse-ios/Build/Intermediates.noindex/Maeuse.build/Debug-iphonesimulator/MaeuseControls.build/Objects-normal/arm64/MaeuseControls_lto.o -rdynamic -Xlinker -no_deduplicate -Xlinker -objc_abi_version -Xlinker 2 -Xlinker -debug_variant -Xlinker -dependency_info -Xlinker /Users/rafaeltoneto/Documents/TCC/AvaliacaoBuild/maeuse-ios/Build/Intermediates.noindex/Maeuse.build/Debug-iphonesimulator/MaeuseControls.build/Objects-normal/arm64/MaeuseControls_dependency_info.dat -e _NSExtensionMain -fapplication-extension -fobjc-link-runtime -fprofile-instr-generate -L/Applications/Xcode.app/Contents/Developer/Toolchains/XcodeDefault.xctoolchain/usr/lib/swift/iphonesimulator -L/usr/lib/swift -Xlinker -add_ast_path -Xlinker /Users/rafaeltoneto/Documents/TCC/AvaliacaoBuild/maeuse-ios/Build/Intermediates.noindex/Maeuse.build/Debug-iphonesimulator/MaeuseControls.build/Objects-normal/arm64/MaeuseControls.swiftmodule -o /Users/rafaeltoneto/Documents/TCC/AvaliacaoBuild/maeuse-ios/Build/Intermediates.noindex/Maeuse.build/Debug-iphonesimulator/MaeuseControls.build/Objects-normal/arm64/Binary/MaeuseControls

SwiftExplicitDependencyGeneratePcm x86_64 /Users/rafaeltoneto/Documents/TCC/AvaliacaoBuild/maeuse-ios/SDKExplicitPrecompiledModules/simd-9Q41I4SXCD7U17UMS1540BBL5.pcm

SwiftExplicitDependencyGeneratePcm x86_64 /Users/rafaeltoneto/Documents/TCC/AvaliacaoBuild/maeuse-ios/SDKExplicitPrecompiledModules/os_object-B0X81JJ42A1DVRH0UUDDCGSAG.pcm

SwiftExplicitDependencyGeneratePcm arm64 /Users/rafaeltoneto/Documents/TCC/AvaliacaoBuild/maeuse-ios/SDKExplicitPrecompiledModules/os_object-88HPY34E4KU138FMST971Q8GG.pcm

SwiftExplicitDependencyGeneratePcm x86_64 /Users/rafaeltoneto/Documents/TCC/AvaliacaoBuild/maeuse-ios/SDKExplicitPrecompiledModules/os_workgroup-3WELK45R3YDBM2WK3P1380YZP.pcm

SwiftExplicitDependencyGeneratePcm arm64 /Users/rafaeltoneto/Documents/TCC/AvaliacaoBuild/maeuse-ios/SDKExplicitPrecompiledModules/os_workgroup-5VPEZ4UVY31F60NQGRG3R6F1P.pcm

SwiftExplicitDependencyGeneratePcm x86_64 /Users/rafaeltoneto/Documents/TCC/AvaliacaoBuild/maeuse-ios/SDKExplicitPrecompiledModules/Dispatch-EICBW15IMGJ0WUNKE6ISRE53V.pcm

SwiftExplicitDependencyGeneratePcm arm64 /Users/rafaeltoneto/Documents/TCC/AvaliacaoBuild/maeuse-ios/SDKExplicitPrecompiledModules/Dispatch-6PMSABKNUF7UUI1FBUY0LP1O5.pcm

SwiftExplicitDependencyGeneratePcm x86_64 /Users/rafaeltoneto/Documents/TCC/AvaliacaoBuild/maeuse-ios/SDKExplicitPrecompiledModules/XPC-3EIAGE724EDUFDOX9R2B6X4K9.pcm

SwiftExplicitDependencyGeneratePcm x86_64 /Users/rafaeltoneto/Documents/TCC/AvaliacaoBuild/maeuse-ios/SDKExplicitPrecompiledModules/dnssd-1GW2TSTWXMFSDMLLGLFQGITF3.pcm

SwiftExplicitDependencyGeneratePcm x86_64 /Users/rafaeltoneto/Documents/TCC/AvaliacaoBuild/maeuse-ios/SDKExplicitPrecompiledModules/CoreFoundation-BH1O9NOSYPPEQZIMZMA0P0MIY.pcm

LinkAssetCatalog /Users/rafaeltoneto/Documents/TCC/ProjetosExternos/maeuse-ios/Maeuse/Assets.xcassets (in target 'Maeuse' from project 'Maeuse')
    cd /Users/rafaeltoneto/Documents/TCC/ProjetosExternos/maeuse-ios
    builtin-linkAssetCatalog --thinned /Users/rafaeltoneto/Documents/TCC/AvaliacaoBuild/maeuse-ios/Build/Intermediates.noindex/Maeuse.build/Debug-iphonesimulator/Maeuse.build/assetcatalog_output/thinned --thinned-dependencies /Users/rafaeltoneto/Documents/TCC/AvaliacaoBuild/maeuse-ios/Build/Intermediates.noindex/Maeuse.build/Debug-iphonesimulator/Maeuse.build/assetcatalog_dependencies_thinned --thinned-info-plist-content /Users/rafaeltoneto/Documents/TCC/AvaliacaoBuild/maeuse-ios/Build/Intermediates.noindex/Maeuse.build/Debug-iphonesimulator/Maeuse.build/assetcatalog_generated_info.plist_thinned --unthinned /Users/rafaeltoneto/Documents/TCC/AvaliacaoBuild/maeuse-ios/Build/Intermediates.noindex/Maeuse.build/Debug-iphonesimulator/Maeuse.build/assetcatalog_output/unthinned --unthinned-dependencies /Users/rafaeltoneto/Documents/TCC/AvaliacaoBuild/maeuse-ios/Build/Intermediates.noindex/Maeuse.build/Debug-iphonesimulator/Maeuse.build/assetcatalog_dependencies_unthinned --unthinned-info-plist-content /Users/rafaeltoneto/Documents/TCC/AvaliacaoBuild/maeuse-ios/Build/Intermediates.noindex/Maeuse.build/Debug-iphonesimulator/Maeuse.build/assetcatalog_generated_info.plist_unthinned --output /Users/rafaeltoneto/Documents/TCC/AvaliacaoBuild/maeuse-ios/Build/Products/Debug-iphonesimulator/Maeuse.app --plist-output /Users/rafaeltoneto/Documents/TCC/AvaliacaoBuild/maeuse-ios/Build/Intermediates.noindex/Maeuse.build/Debug-iphonesimulator/Maeuse.build/assetcatalog_generated_info.plist
note: Emplaced /Users/rafaeltoneto/Documents/TCC/AvaliacaoBuild/maeuse-ios/Build/Products/Debug-iphonesimulator/Maeuse.app/AppIcon76x76@2x~ipad.png (in target 'Maeuse' from project 'Maeuse')
note: Emplaced /Users/rafaeltoneto/Documents/TCC/AvaliacaoBuild/maeuse-ios/Build/Products/Debug-iphonesimulator/Maeuse.app/AppIcon60x60@2x.png (in target 'Maeuse' from project 'Maeuse')
note: Emplaced /Users/rafaeltoneto/Documents/TCC/AvaliacaoBuild/maeuse-ios/Build/Products/Debug-iphonesimulator/Maeuse.app/Assets.car (in target 'Maeuse' from project 'Maeuse')

SwiftExplicitDependencyGeneratePcm arm64 /Users/rafaeltoneto/Documents/TCC/AvaliacaoBuild/maeuse-ios/SDKExplicitPrecompiledModules/CoreFoundation-96X4U8OAFNKNGRROWFS0QH3EC.pcm

SwiftExplicitDependencyGeneratePcm arm64 /Users/rafaeltoneto/Documents/TCC/AvaliacaoBuild/maeuse-ios/SDKExplicitPrecompiledModules/dnssd-A7X7PXNANEYH65S6ZKSH28VKX.pcm

SwiftExplicitDependencyGeneratePcm arm64 /Users/rafaeltoneto/Documents/TCC/AvaliacaoBuild/maeuse-ios/SDKExplicitPrecompiledModules/XPC-AZZ18XX8K42F4XQEFHQG1IDJS.pcm

SwiftExplicitDependencyGeneratePcm x86_64 /Users/rafaeltoneto/Documents/TCC/AvaliacaoBuild/maeuse-ios/SDKExplicitPrecompiledModules/os-5EVUDSTMF2YNR4OSALHBH5RPN.pcm

SwiftExplicitDependencyGeneratePcm x86_64 /Users/rafaeltoneto/Documents/TCC/AvaliacaoBuild/maeuse-ios/SDKExplicitPrecompiledModules/CoreGraphics-24LAV26OOFC3P1WHOC57U8588.pcm

SwiftExplicitDependencyGeneratePcm x86_64 /Users/rafaeltoneto/Documents/TCC/AvaliacaoBuild/maeuse-ios/SDKExplicitPrecompiledModules/CoreAudioTypes-D89WTWFBXUOXTTQNOJ0AUVCD3.pcm

SwiftExplicitDependencyGeneratePcm x86_64 /Users/rafaeltoneto/Documents/TCC/AvaliacaoBuild/maeuse-ios/SDKExplicitPrecompiledModules/CFNetwork-182XXD41KZBPUNCHB7X6AWXHE.pcm

SwiftExplicitDependencyGeneratePcm x86_64 /Users/rafaeltoneto/Documents/TCC/AvaliacaoBuild/maeuse-ios/SDKExplicitPrecompiledModules/Security-DC97VYMW8H67E4NDUMQL4BJQ9.pcm

SwiftExplicitDependencyGeneratePcm arm64 /Users/rafaeltoneto/Documents/TCC/AvaliacaoBuild/maeuse-ios/SDKExplicitPrecompiledModules/os-7WDMM7E1L005ZBBAV6NV8GJS.pcm

SwiftExplicitDependencyGeneratePcm arm64 /Users/rafaeltoneto/Documents/TCC/AvaliacaoBuild/maeuse-ios/SDKExplicitPrecompiledModules/Spatial-D639BNU8ZG0GVD5RMZU39RK1W.pcm

CreateUniversalBinary /Users/rafaeltoneto/Documents/TCC/AvaliacaoBuild/maeuse-ios/Build/Products/Debug-iphonesimulator/MaeuseControls.appex/MaeuseControls normal arm64\ x86_64 (in target 'MaeuseControls' from project 'Maeuse')
    cd /Users/rafaeltoneto/Documents/TCC/ProjetosExternos/maeuse-ios
    /Applications/Xcode.app/Contents/Developer/Toolchains/XcodeDefault.xctoolchain/usr/bin/lipo -create /Users/rafaeltoneto/Documents/TCC/AvaliacaoBuild/maeuse-ios/Build/Intermediates.noindex/Maeuse.build/Debug-iphonesimulator/MaeuseControls.build/Objects-normal/arm64/Binary/MaeuseControls /Users/rafaeltoneto/Documents/TCC/AvaliacaoBuild/maeuse-ios/Build/Intermediates.noindex/Maeuse.build/Debug-iphonesimulator/MaeuseControls.build/Objects-normal/x86_64/Binary/MaeuseControls -output /Users/rafaeltoneto/Documents/TCC/AvaliacaoBuild/maeuse-ios/Build/Products/Debug-iphonesimulator/MaeuseControls.appex/MaeuseControls

ExtractAppIntentsMetadata (in target 'MaeuseControls' from project 'Maeuse')
    cd /Users/rafaeltoneto/Documents/TCC/ProjetosExternos/maeuse-ios
    /Applications/Xcode.app/Contents/Developer/Toolchains/XcodeDefault.xctoolchain/usr/bin/appintentsmetadataprocessor --toolchain-dir /Applications/Xcode.app/Contents/Developer/Toolchains/XcodeDefault.xctoolchain --module-name MaeuseControls --sdk-root /Applications/Xcode.app/Contents/Developer/Platforms/iPhoneSimulator.platform/Developer/SDKs/iPhoneSimulator27.0.sdk --xcode-version 27A266a --platform-family iOS --deployment-target 18.0 --bundle-identifier com.michaeldiestelberg.maeuse.controls --output /Users/rafaeltoneto/Documents/TCC/AvaliacaoBuild/maeuse-ios/Build/Products/Debug-iphonesimulator/MaeuseControls.appex --target-triple arm64-apple-ios18.0-simulator --target-triple x86_64-apple-ios18.0-simulator --binary-file /Users/rafaeltoneto/Documents/TCC/AvaliacaoBuild/maeuse-ios/Build/Products/Debug-iphonesimulator/MaeuseControls.appex/MaeuseControls --dependency-file /Users/rafaeltoneto/Documents/TCC/AvaliacaoBuild/maeuse-ios/Build/Intermediates.noindex/Maeuse.build/Debug-iphonesimulator/MaeuseControls.build/Objects-normal/arm64/MaeuseControls_dependency_info.dat --dependency-file /Users/rafaeltoneto/Documents/TCC/AvaliacaoBuild/maeuse-ios/Build/Intermediates.noindex/Maeuse.build/Debug-iphonesimulator/MaeuseControls.build/Objects-normal/x86_64/MaeuseControls_dependency_info.dat --stringsdata-file /Users/rafaeltoneto/Documents/TCC/AvaliacaoBuild/maeuse-ios/Build/Intermediates.noindex/Maeuse.build/Debug-iphonesimulator/MaeuseControls.build/Objects-normal/arm64/ExtractedAppShortcutsMetadata.stringsdata --stringsdata-file /Users/rafaeltoneto/Documents/TCC/AvaliacaoBuild/maeuse-ios/Build/Intermediates.noindex/Maeuse.build/Debug-iphonesimulator/MaeuseControls.build/Objects-normal/x86_64/ExtractedAppShortcutsMetadata.stringsdata --source-file-list /Users/rafaeltoneto/Documents/TCC/AvaliacaoBuild/maeuse-ios/Build/Intermediates.noindex/Maeuse.build/Debug-iphonesimulator/MaeuseControls.build/Objects-normal/arm64/MaeuseControls.SwiftFileList --source-file-list /Users/rafaeltoneto/Documents/TCC/AvaliacaoBuild/maeuse-ios/Build/Intermediates.noindex/Maeuse.build/Debug-iphonesimulator/MaeuseControls.build/Objects-normal/x86_64/MaeuseControls.SwiftFileList --metadata-file-list /Users/rafaeltoneto/Documents/TCC/AvaliacaoBuild/maeuse-ios/Build/Intermediates.noindex/Maeuse.build/Debug-iphonesimulator/MaeuseControls.build/MaeuseControls.DependencyMetadataFileList --static-metadata-file-list /Users/rafaeltoneto/Documents/TCC/AvaliacaoBuild/maeuse-ios/Build/Intermediates.noindex/Maeuse.build/Debug-iphonesimulator/MaeuseControls.build/MaeuseControls.DependencyStaticMetadataFileList --swift-const-vals-list /Users/rafaeltoneto/Documents/TCC/AvaliacaoBuild/maeuse-ios/Build/Intermediates.noindex/Maeuse.build/Debug-iphonesimulator/MaeuseControls.build/Objects-normal/arm64/MaeuseControls.SwiftConstValuesFileList --swift-const-vals-list /Users/rafaeltoneto/Documents/TCC/AvaliacaoBuild/maeuse-ios/Build/Intermediates.noindex/Maeuse.build/Debug-iphonesimulator/MaeuseControls.build/Objects-normal/x86_64/MaeuseControls.SwiftConstValuesFileList --compile-time-extraction --deployment-aware-processing --no-app-shortcuts-localization
2026-10-04 18:16:23.378 appintentsmetadataprocessor[10754:13955067] Starting appintentsmetadataprocessor export
2026-10-04 18:16:23.497 appintentsmetadataprocessor[10754:13955067] Writing Metadata.appintents
2026-10-04 18:16:23.498 appintentsmetadataprocessor[10754:13955067] Metadata root: /Users/rafaeltoneto/Documents/TCC/AvaliacaoBuild/maeuse-ios/Build/Products/Debug-iphonesimulator/MaeuseControls.appex/Metadata.appintents

SwiftExplicitDependencyGeneratePcm x86_64 /Users/rafaeltoneto/Documents/TCC/AvaliacaoBuild/maeuse-ios/SDKExplicitPrecompiledModules/CoreAudio-7Y5IBHTUDF82OG7U4WPV8W6W7.pcm

SwiftExplicitDependencyGeneratePcm x86_64 /Users/rafaeltoneto/Documents/TCC/AvaliacaoBuild/maeuse-ios/SDKExplicitPrecompiledModules/Spatial-4CMZM3UDBLB648MLNJIVD6AGN.pcm

SwiftExplicitDependencyGeneratePcm arm64 /Users/rafaeltoneto/Documents/TCC/AvaliacaoBuild/maeuse-ios/SDKExplicitPrecompiledModules/CoreGraphics-E9ODL1YRZIS66ALZ1Y9A6O7OQ.pcm

SwiftExplicitDependencyGeneratePcm arm64 /Users/rafaeltoneto/Documents/TCC/AvaliacaoBuild/maeuse-ios/SDKExplicitPrecompiledModules/CFNetwork-9YJ0N9OTA1QUDPYUSWU0GERY1.pcm

SwiftExplicitDependencyGeneratePcm arm64 /Users/rafaeltoneto/Documents/TCC/AvaliacaoBuild/maeuse-ios/SDKExplicitPrecompiledModules/CoreAudioTypes-9PYU59NITWU5YQ2JNMPAFBC4Z.pcm

SwiftExplicitDependencyGeneratePcm arm64 /Users/rafaeltoneto/Documents/TCC/AvaliacaoBuild/maeuse-ios/SDKExplicitPrecompiledModules/Security-APOR78TF7DML546Q3OZMU8G49.pcm

SwiftExplicitDependencyGeneratePcm x86_64 /Users/rafaeltoneto/Documents/TCC/AvaliacaoBuild/maeuse-ios/SDKExplicitPrecompiledModules/CoreText-2VBC16E3KYYL7MHG23LAQQYMJ.pcm

SwiftExplicitDependencyGeneratePcm x86_64 /Users/rafaeltoneto/Documents/TCC/AvaliacaoBuild/maeuse-ios/SDKExplicitPrecompiledModules/ImageIO-5M2SD9DIUKRCIH22YSXE47WWS.pcm

SwiftExplicitDependencyGeneratePcm x86_64 /Users/rafaeltoneto/Documents/TCC/AvaliacaoBuild/maeuse-ios/SDKExplicitPrecompiledModules/Foundation-3C9RZ4QQQHT24IYCEMY8EKUNN.pcm

SwiftExplicitDependencyGeneratePcm arm64 /Users/rafaeltoneto/Documents/TCC/AvaliacaoBuild/maeuse-ios/SDKExplicitPrecompiledModules/CoreAudio-3K0IUYRJJPKZU41D4JVRQU76W.pcm

SwiftExplicitDependencyGeneratePcm arm64 /Users/rafaeltoneto/Documents/TCC/AvaliacaoBuild/maeuse-ios/SDKExplicitPrecompiledModules/ImageIO-8AD27A747N6I6VUKSTL8ECW4.pcm

SwiftExplicitDependencyGeneratePcm arm64 /Users/rafaeltoneto/Documents/TCC/AvaliacaoBuild/maeuse-ios/SDKExplicitPrecompiledModules/CoreText-5OEKB31N4VZ1EIDTXI9KC2HZL.pcm

AppIntentsSSUTraining (in target 'MaeuseControls' from project 'Maeuse')
    cd /Users/rafaeltoneto/Documents/TCC/ProjetosExternos/maeuse-ios
    /Applications/Xcode.app/Contents/Developer/Toolchains/XcodeDefault.xctoolchain/usr/bin/appintentsnltrainingprocessor --infoplist-path /Users/rafaeltoneto/Documents/TCC/AvaliacaoBuild/maeuse-ios/Build/Products/Debug-iphonesimulator/MaeuseControls.appex/Info.plist --temp-dir-path /Users/rafaeltoneto/Documents/TCC/AvaliacaoBuild/maeuse-ios/Build/Intermediates.noindex/Maeuse.build/Debug-iphonesimulator/MaeuseControls.build/ssu --bundle-id com.michaeldiestelberg.maeuse.controls --product-path /Users/rafaeltoneto/Documents/TCC/AvaliacaoBuild/maeuse-ios/Build/Products/Debug-iphonesimulator/MaeuseControls.appex --extracted-metadata-path /Users/rafaeltoneto/Documents/TCC/AvaliacaoBuild/maeuse-ios/Build/Products/Debug-iphonesimulator/MaeuseControls.appex/Metadata.appintents --metadata-file-list /Users/rafaeltoneto/Documents/TCC/AvaliacaoBuild/maeuse-ios/Build/Intermediates.noindex/Maeuse.build/Debug-iphonesimulator/MaeuseControls.build/MaeuseControls.DependencyMetadataFileList --source-file /Users/rafaeltoneto/Documents/TCC/AvaliacaoBuild/maeuse-ios/Build/Products/Debug-iphonesimulator/MaeuseControls.appex/Info.plist --archive-ssu-assets
2026-10-04 18:16:23.542 appintentsnltrainingprocessor[10767:13955116] Parsing options for appintentsnltrainingprocessor
2026-10-04 18:16:23.542 appintentsnltrainingprocessor[10767:13955116] Starting AppIntents SSU YAML Generation
2026-10-04 18:16:23.558 appintentsnltrainingprocessor[10767:13955116] No AppShortcuts found - Skipping.

SwiftExplicitDependencyGeneratePcm arm64 /Users/rafaeltoneto/Documents/TCC/AvaliacaoBuild/maeuse-ios/SDKExplicitPrecompiledModules/Foundation-7MSMNVDDT0NLKOUS8VCF459SJ.pcm

RegisterExecutionPolicyException /Users/rafaeltoneto/Documents/TCC/AvaliacaoBuild/maeuse-ios/Build/Products/Debug-iphonesimulator/MaeuseControls.appex (in target 'MaeuseControls' from project 'Maeuse')
    cd /Users/rafaeltoneto/Documents/TCC/ProjetosExternos/maeuse-ios
    builtin-RegisterExecutionPolicyException /Users/rafaeltoneto/Documents/TCC/AvaliacaoBuild/maeuse-ios/Build/Products/Debug-iphonesimulator/MaeuseControls.appex

Touch /Users/rafaeltoneto/Documents/TCC/AvaliacaoBuild/maeuse-ios/Build/Products/Debug-iphonesimulator/MaeuseControls.appex (in target 'MaeuseControls' from project 'Maeuse')
    cd /Users/rafaeltoneto/Documents/TCC/ProjetosExternos/maeuse-ios
    /usr/bin/touch -c /Users/rafaeltoneto/Documents/TCC/AvaliacaoBuild/maeuse-ios/Build/Products/Debug-iphonesimulator/MaeuseControls.appex

CpResource /Users/rafaeltoneto/Documents/TCC/AvaliacaoBuild/maeuse-ios/Build/Products/Debug-iphonesimulator/Maeuse.app/PrivacyInfo.xcprivacy /Users/rafaeltoneto/Documents/TCC/ProjetosExternos/maeuse-ios/Maeuse/PrivacyInfo.xcprivacy (in target 'Maeuse' from project 'Maeuse')
    cd /Users/rafaeltoneto/Documents/TCC/ProjetosExternos/maeuse-ios
    builtin-copy -exclude .DS_Store -exclude CVS -exclude .svn -exclude .git -exclude .hg -resolve-src-symlinks /Users/rafaeltoneto/Documents/TCC/ProjetosExternos/maeuse-ios/Maeuse/PrivacyInfo.xcprivacy /Users/rafaeltoneto/Documents/TCC/AvaliacaoBuild/maeuse-ios/Build/Products/Debug-iphonesimulator/Maeuse.app

CopyStringsFile /Users/rafaeltoneto/Documents/TCC/AvaliacaoBuild/maeuse-ios/Build/Products/Debug-iphonesimulator/Maeuse.app/en.lproj/InfoPlist.strings /Users/rafaeltoneto/Documents/TCC/ProjetosExternos/maeuse-ios/Maeuse/en.lproj/InfoPlist.strings (in target 'Maeuse' from project 'Maeuse')
    cd /Users/rafaeltoneto/Documents/TCC/ProjetosExternos/maeuse-ios
    builtin-copyStrings --validate --outputencoding binary --outfilename InfoPlist.strings --outdir /Users/rafaeltoneto/Documents/TCC/AvaliacaoBuild/maeuse-ios/Build/Products/Debug-iphonesimulator/Maeuse.app/en.lproj -- /Users/rafaeltoneto/Documents/TCC/ProjetosExternos/maeuse-ios/Maeuse/en.lproj/InfoPlist.strings
/Users/rafaeltoneto/Documents/TCC/ProjetosExternos/maeuse-ios/Maeuse/en.lproj/InfoPlist.strings:1:1: note: detected encoding of input file as Unicode (UTF-8) (in target 'Maeuse' from project 'Maeuse')

CopyStringsFile /Users/rafaeltoneto/Documents/TCC/AvaliacaoBuild/maeuse-ios/Build/Products/Debug-iphonesimulator/Maeuse.app/de.lproj/Localizable.strings /Users/rafaeltoneto/Documents/TCC/ProjetosExternos/maeuse-ios/Maeuse/de.lproj/Localizable.strings (in target 'Maeuse' from project 'Maeuse')
    cd /Users/rafaeltoneto/Documents/TCC/ProjetosExternos/maeuse-ios
    builtin-copyStrings --validate --outputencoding binary --outfilename Localizable.strings --outdir /Users/rafaeltoneto/Documents/TCC/AvaliacaoBuild/maeuse-ios/Build/Products/Debug-iphonesimulator/Maeuse.app/de.lproj -- /Users/rafaeltoneto/Documents/TCC/ProjetosExternos/maeuse-ios/Maeuse/de.lproj/Localizable.strings
/Users/rafaeltoneto/Documents/TCC/ProjetosExternos/maeuse-ios/Maeuse/de.lproj/Localizable.strings:1:1: note: detected encoding of input file as Unicode (UTF-8) (in target 'Maeuse' from project 'Maeuse')

CopyStringsFile /Users/rafaeltoneto/Documents/TCC/AvaliacaoBuild/maeuse-ios/Build/Products/Debug-iphonesimulator/Maeuse.app/en.lproj/Localizable.strings /Users/rafaeltoneto/Documents/TCC/ProjetosExternos/maeuse-ios/Maeuse/en.lproj/Localizable.strings (in target 'Maeuse' from project 'Maeuse')
    cd /Users/rafaeltoneto/Documents/TCC/ProjetosExternos/maeuse-ios
    builtin-copyStrings --validate --outputencoding binary --outfilename Localizable.strings --outdir /Users/rafaeltoneto/Documents/TCC/AvaliacaoBuild/maeuse-ios/Build/Products/Debug-iphonesimulator/Maeuse.app/en.lproj -- /Users/rafaeltoneto/Documents/TCC/ProjetosExternos/maeuse-ios/Maeuse/en.lproj/Localizable.strings
/Users/rafaeltoneto/Documents/TCC/ProjetosExternos/maeuse-ios/Maeuse/en.lproj/Localizable.strings:1:1: note: detected encoding of input file as Unicode (UTF-8) (in target 'Maeuse' from project 'Maeuse')

CopyStringsFile /Users/rafaeltoneto/Documents/TCC/AvaliacaoBuild/maeuse-ios/Build/Products/Debug-iphonesimulator/Maeuse.app/de.lproj/InfoPlist.strings /Users/rafaeltoneto/Documents/TCC/ProjetosExternos/maeuse-ios/Maeuse/de.lproj/InfoPlist.strings (in target 'Maeuse' from project 'Maeuse')
    cd /Users/rafaeltoneto/Documents/TCC/ProjetosExternos/maeuse-ios
    builtin-copyStrings --validate --outputencoding binary --outfilename InfoPlist.strings --outdir /Users/rafaeltoneto/Documents/TCC/AvaliacaoBuild/maeuse-ios/Build/Products/Debug-iphonesimulator/Maeuse.app/de.lproj -- /Users/rafaeltoneto/Documents/TCC/ProjetosExternos/maeuse-ios/Maeuse/de.lproj/InfoPlist.strings
/Users/rafaeltoneto/Documents/TCC/ProjetosExternos/maeuse-ios/Maeuse/de.lproj/InfoPlist.strings:1:1: note: detected encoding of input file as Unicode (UTF-8) (in target 'Maeuse' from project 'Maeuse')

SwiftExplicitDependencyGeneratePcm x86_64 /Users/rafaeltoneto/Documents/TCC/AvaliacaoBuild/maeuse-ios/SDKExplicitPrecompiledModules/CoreData-D63XYLTDNDUCO92SHLKH81BE1.pcm

SwiftExplicitDependencyGeneratePcm x86_64 /Users/rafaeltoneto/Documents/TCC/AvaliacaoBuild/maeuse-ios/SDKExplicitPrecompiledModules/IOSurface-EH4ZD8YZH11Q6D2XM6AIKL6X6.pcm

SwiftExplicitDependencyGeneratePcm x86_64 /Users/rafaeltoneto/Documents/TCC/AvaliacaoBuild/maeuse-ios/SDKExplicitPrecompiledModules/AppIntentsTypeSupport-D9ZPVSNB5Y85X7V089YFVZA9C.pcm

SwiftExplicitDependencyGeneratePcm x86_64 /Users/rafaeltoneto/Documents/TCC/AvaliacaoBuild/maeuse-ios/SDKExplicitPrecompiledModules/_LocationEssentials-5I27SOS4A4J3NP0A6IM2IQJXC.pcm

SwiftExplicitDependencyGeneratePcm x86_64 /Users/rafaeltoneto/Documents/TCC/AvaliacaoBuild/maeuse-ios/SDKExplicitPrecompiledModules/FileProvider-2Y7BM0OV4VVWSOT99EUX1G2U9.pcm

SwiftExplicitDependencyGeneratePcm x86_64 /Users/rafaeltoneto/Documents/TCC/AvaliacaoBuild/maeuse-ios/SDKExplicitPrecompiledModules/Symbols-4SKEN6BG2Y9KDIT3KO0Y3A754.pcm

SwiftExplicitDependencyGeneratePcm x86_64 /Users/rafaeltoneto/Documents/TCC/AvaliacaoBuild/maeuse-ios/SDKExplicitPrecompiledModules/Accessibility-3BEZ8T0NLX9RTD09NA51YSAQK.pcm

SwiftExplicitDependencyGeneratePcm x86_64 /Users/rafaeltoneto/Documents/TCC/AvaliacaoBuild/maeuse-ios/SDKExplicitPrecompiledModules/UniformTypeIdentifiers-5YELKX515DX7R7U44RTTQEWXB.pcm

SwiftExplicitDependencyGeneratePcm x86_64 /Users/rafaeltoneto/Documents/TCC/AvaliacaoBuild/maeuse-ios/SDKExplicitPrecompiledModules/RelevanceKit-3DLH7495I92SYOPQEH53C4BIO.pcm

SwiftExplicitDependencyGeneratePcm x86_64 /Users/rafaeltoneto/Documents/TCC/AvaliacaoBuild/maeuse-ios/SDKExplicitPrecompiledModules/CoreTransferable-9B7PBJH9LYLYF6PL3W090RMTA.pcm

SwiftExplicitDependencyGeneratePcm x86_64 /Users/rafaeltoneto/Documents/TCC/AvaliacaoBuild/maeuse-ios/SDKExplicitPrecompiledModules/OpenGLES-9C4C9D99OTM96V9XPEI900DTV.pcm

SwiftExplicitDependencyGeneratePcm x86_64 /Users/rafaeltoneto/Documents/TCC/AvaliacaoBuild/maeuse-ios/SDKExplicitPrecompiledModules/CoreLocation-1B95T4EA37G9P4FBAZU4IMVOR.pcm

SwiftExplicitDependencyGeneratePcm arm64 /Users/rafaeltoneto/Documents/TCC/AvaliacaoBuild/maeuse-ios/SDKExplicitPrecompiledModules/CoreMIDI-9G11BLEZK9N3QI8ODVAC7AP5O.pcm

SwiftExplicitDependencyGeneratePcm arm64 /Users/rafaeltoneto/Documents/TCC/AvaliacaoBuild/maeuse-ios/SDKExplicitPrecompiledModules/RelevanceKit-ESEL2TM4MEYGLWG3B78YDPIKG.pcm

SwiftExplicitDependencyGeneratePcm arm64 /Users/rafaeltoneto/Documents/TCC/AvaliacaoBuild/maeuse-ios/SDKExplicitPrecompiledModules/AppIntents-E4SZ11CEP4J506FYES5GB8CN9.pcm

SwiftExplicitDependencyGeneratePcm arm64 /Users/rafaeltoneto/Documents/TCC/AvaliacaoBuild/maeuse-ios/SDKExplicitPrecompiledModules/UIUtilities-D1E3ZPLXVS6CBXD6Q3HXA8KPW.pcm

SwiftExplicitDependencyGeneratePcm arm64 /Users/rafaeltoneto/Documents/TCC/AvaliacaoBuild/maeuse-ios/SDKExplicitPrecompiledModules/UniformTypeIdentifiers-72DA86SJU7JQ0U4PDPROZUHIC.pcm

SwiftExplicitDependencyGeneratePcm arm64 /Users/rafaeltoneto/Documents/TCC/AvaliacaoBuild/maeuse-ios/SDKExplicitPrecompiledModules/FileProvider-DQFS60SZV1K21HL7BYMUOTN3C.pcm

SwiftExplicitDependencyGeneratePcm arm64 /Users/rafaeltoneto/Documents/TCC/AvaliacaoBuild/maeuse-ios/SDKExplicitPrecompiledModules/_LocationEssentials-E0LA3FDTXJ4YYFNNNRT03C6R.pcm

SwiftExplicitDependencyGeneratePcm arm64 /Users/rafaeltoneto/Documents/TCC/AvaliacaoBuild/maeuse-ios/SDKExplicitPrecompiledModules/OpenGLES-2Y6RUEJQB5EQ1JB8SGMPM7GIZ.pcm

SwiftExplicitDependencyGeneratePcm arm64 /Users/rafaeltoneto/Documents/TCC/AvaliacaoBuild/maeuse-ios/SDKExplicitPrecompiledModules/CoreData-338T2XWD9FGC1GN3QFIY8EWL2.pcm

SwiftExplicitDependencyGeneratePcm arm64 /Users/rafaeltoneto/Documents/TCC/AvaliacaoBuild/maeuse-ios/SDKExplicitPrecompiledModules/Accessibility-EZOS0I7EX0ALMQDW487JRT7BS.pcm

SwiftExplicitDependencyGeneratePcm arm64 /Users/rafaeltoneto/Documents/TCC/AvaliacaoBuild/maeuse-ios/SDKExplicitPrecompiledModules/DataDetection-1XRURFOGBI3H92NR0CGQR8PBP.pcm

SwiftExplicitDependencyGeneratePcm x86_64 /Users/rafaeltoneto/Documents/TCC/AvaliacaoBuild/maeuse-ios/SDKExplicitPrecompiledModules/CoreSpotlight-2YPBF7KCIBB4OJSEVJ40GMRJO.pcm

SwiftExplicitDependencyGeneratePcm arm64 /Users/rafaeltoneto/Documents/TCC/AvaliacaoBuild/maeuse-ios/SDKExplicitPrecompiledModules/CoreTransferable-913SAFQG7FZRK63BIP2501LDZ.pcm

SwiftExplicitDependencyGeneratePcm x86_64 /Users/rafaeltoneto/Documents/TCC/AvaliacaoBuild/maeuse-ios/SDKExplicitPrecompiledModules/CoreMotion-723LB62AQB5AZMDQ7K9155PXW.pcm

SwiftExplicitDependencyGeneratePcm arm64 /Users/rafaeltoneto/Documents/TCC/AvaliacaoBuild/maeuse-ios/SDKExplicitPrecompiledModules/Network-9JQPHLBH7MJSRDMQ9F8FC5W8S.pcm

SwiftExplicitDependencyGeneratePcm x86_64 /Users/rafaeltoneto/Documents/TCC/AvaliacaoBuild/maeuse-ios/SDKExplicitPrecompiledModules/DataDetection-E555L37QXSDUOILWKNTTT8TYQ.pcm

SwiftExplicitDependencyGeneratePcm arm64 /Users/rafaeltoneto/Documents/TCC/AvaliacaoBuild/maeuse-ios/SDKExplicitPrecompiledModules/AudioToolbox-18FLP3IUAKWCYKI2QJLG5RT2E.pcm

SwiftExplicitDependencyGeneratePcm x86_64 /Users/rafaeltoneto/Documents/TCC/AvaliacaoBuild/maeuse-ios/SDKExplicitPrecompiledModules/OSLog-2RJX96OJMKI6EN4TZI025UBSD.pcm

SwiftExplicitDependencyGeneratePcm arm64 /Users/rafaeltoneto/Documents/TCC/AvaliacaoBuild/maeuse-ios/SDKExplicitPrecompiledModules/OSLog-8K8WGPQEATRBA3A8PRQ9QA53Q.pcm

SwiftExplicitDependencyGeneratePcm arm64 /Users/rafaeltoneto/Documents/TCC/AvaliacaoBuild/maeuse-ios/SDKExplicitPrecompiledModules/CoreLocation-1G7H3WUYC6E8KMCZ986BSYOO9.pcm

SwiftExplicitDependencyGeneratePcm x86_64 /Users/rafaeltoneto/Documents/TCC/AvaliacaoBuild/maeuse-ios/SDKExplicitPrecompiledModules/UserNotifications-E8VP2D9G834HTTXFCSE1RTUVN.pcm

SwiftExplicitDependencyGeneratePcm x86_64 /Users/rafaeltoneto/Documents/TCC/AvaliacaoBuild/maeuse-ios/SDKExplicitPrecompiledModules/UIUtilities-CPBF5ZA6IZXE4AVCXLFR347FR.pcm

SwiftExplicitDependencyGeneratePcm arm64 /Users/rafaeltoneto/Documents/TCC/AvaliacaoBuild/maeuse-ios/SDKExplicitPrecompiledModules/AppIntentsTypeSupport-DD75YSEEZ81D317OO7HMSFLYJ.pcm

SwiftExplicitDependencyGeneratePcm arm64 /Users/rafaeltoneto/Documents/TCC/AvaliacaoBuild/maeuse-ios/SDKExplicitPrecompiledModules/CoreSpotlight-C60A3JWXGM508P8G9ZSUK143Y.pcm

SwiftExplicitDependencyGeneratePcm x86_64 /Users/rafaeltoneto/Documents/TCC/AvaliacaoBuild/maeuse-ios/SDKExplicitPrecompiledModules/Metal-DPK9EZD14HHQDYA6XBII0MTG7.pcm

SwiftExplicitDependencyGeneratePcm arm64 /Users/rafaeltoneto/Documents/TCC/AvaliacaoBuild/maeuse-ios/SDKExplicitPrecompiledModules/UserNotifications-4TUN8ZNQ3UB4HMJ6G2NEXXIR4.pcm

SwiftExplicitDependencyGeneratePcm x86_64 /Users/rafaeltoneto/Documents/TCC/AvaliacaoBuild/maeuse-ios/SDKExplicitPrecompiledModules/AppIntents-6RZVV8FAE9MK2PCLOWE2T9SF5.pcm

SwiftExplicitDependencyGeneratePcm x86_64 /Users/rafaeltoneto/Documents/TCC/AvaliacaoBuild/maeuse-ios/SDKExplicitPrecompiledModules/Network-1EBLP6ZCIKFP2D57F7SXU21H3.pcm

SwiftExplicitDependencyGeneratePcm arm64 /Users/rafaeltoneto/Documents/TCC/AvaliacaoBuild/maeuse-ios/SDKExplicitPrecompiledModules/IOSurface-ARM72MV0IS4VTY4BSN99087LK.pcm

SwiftExplicitDependencyGeneratePcm arm64 /Users/rafaeltoneto/Documents/TCC/AvaliacaoBuild/maeuse-ios/SDKExplicitPrecompiledModules/AVRouting-1TGXV13PAFWAIS35MRUMHJK0S.pcm

SwiftExplicitDependencyGeneratePcm x86_64 /Users/rafaeltoneto/Documents/TCC/AvaliacaoBuild/maeuse-ios/SDKExplicitPrecompiledModules/CoreMIDI-529IS1Y10TUZ2MFCHA3ZLPFM5.pcm

SwiftExplicitDependencyGeneratePcm arm64 /Users/rafaeltoneto/Documents/TCC/AvaliacaoBuild/maeuse-ios/SDKExplicitPrecompiledModules/Symbols-DUKPL3HLM3L46UKYE6NRIZSZY.pcm

SwiftExplicitDependencyGeneratePcm arm64 /Users/rafaeltoneto/Documents/TCC/AvaliacaoBuild/maeuse-ios/SDKExplicitPrecompiledModules/CoreMotion-B2CJ433WQP9YY3EI7JVKYJ8LB.pcm

SwiftExplicitDependencyGeneratePcm arm64 /Users/rafaeltoneto/Documents/TCC/AvaliacaoBuild/maeuse-ios/SDKExplicitPrecompiledModules/Metal-3490VGT563GGS598GWOI80T4E.pcm

SwiftExplicitDependencyGeneratePcm x86_64 /Users/rafaeltoneto/Documents/TCC/AvaliacaoBuild/maeuse-ios/SDKExplicitPrecompiledModules/AVRouting-2UL2HQZHPBW0GEX0CYFDCEEPE.pcm

SwiftExplicitDependencyGeneratePcm x86_64 /Users/rafaeltoneto/Documents/TCC/AvaliacaoBuild/maeuse-ios/SDKExplicitPrecompiledModules/AudioToolbox-673YFXYVFI6AGMOLZ5B98D92A.pcm

SwiftExplicitDependencyGeneratePcm x86_64 /Users/rafaeltoneto/Documents/TCC/AvaliacaoBuild/maeuse-ios/SDKExplicitPrecompiledModules/CoreVideo-VZW2CPSV1XNU02G50KBOORAR.pcm

SwiftExplicitDependencyGeneratePcm x86_64 /Users/rafaeltoneto/Documents/TCC/AvaliacaoBuild/maeuse-ios/SDKExplicitPrecompiledModules/CoreMedia-9FWLSDJLK5IN3BC8N3KJZR8VN.pcm

SwiftExplicitDependencyGeneratePcm x86_64 /Users/rafaeltoneto/Documents/TCC/AvaliacaoBuild/maeuse-ios/SDKExplicitPrecompiledModules/QuartzCore-5O10Y7AECLVKWTS61VBI3ZIPH.pcm

SwiftExplicitDependencyGeneratePcm x86_64 /Users/rafaeltoneto/Documents/TCC/AvaliacaoBuild/maeuse-ios/SDKExplicitPrecompiledModules/CoreImage-1Z01XUXL0G34KE7OWSTU39MHQ.pcm

SwiftExplicitDependencyGeneratePcm arm64 /Users/rafaeltoneto/Documents/TCC/AvaliacaoBuild/maeuse-ios/SDKExplicitPrecompiledModules/CoreVideo-EX50V21KWEEATSOEBDKBEW3V2.pcm

SwiftExplicitDependencyGeneratePcm x86_64 /Users/rafaeltoneto/Documents/TCC/AvaliacaoBuild/maeuse-ios/SDKExplicitPrecompiledModules/SwiftUICore-EJRYL282N97RH6DFPCL03N3BC.pcm

SwiftExplicitDependencyGeneratePcm x86_64 /Users/rafaeltoneto/Documents/TCC/AvaliacaoBuild/maeuse-ios/SDKExplicitPrecompiledModules/AVFAudio-8YG6HD38G4FQBPTS7TOYKMYBB.pcm

SwiftExplicitDependencyGeneratePcm x86_64 /Users/rafaeltoneto/Documents/TCC/AvaliacaoBuild/maeuse-ios/SDKExplicitPrecompiledModules/MediaToolbox-2JL17CGG8L589MKBTQHWQQL2T.pcm

SwiftExplicitDependencyGeneratePcm x86_64 /Users/rafaeltoneto/Documents/TCC/AvaliacaoBuild/maeuse-ios/SDKExplicitPrecompiledModules/VideoToolbox-9PTD874LRX8LY61U1T8QUNR8B.pcm

SwiftExplicitDependencyGeneratePcm x86_64 /Users/rafaeltoneto/Documents/TCC/AvaliacaoBuild/maeuse-ios/SDKExplicitPrecompiledModules/UIKit-4VSUOBNFWJK3TQWS1YNHF3X0L.pcm

SwiftExplicitDependencyGeneratePcm arm64 /Users/rafaeltoneto/Documents/TCC/AvaliacaoBuild/maeuse-ios/SDKExplicitPrecompiledModules/QuartzCore-51PVVIYUM1HTAPIIHNBATJ9V0.pcm

SwiftExplicitDependencyGeneratePcm arm64 /Users/rafaeltoneto/Documents/TCC/AvaliacaoBuild/maeuse-ios/SDKExplicitPrecompiledModules/CoreMedia-6SWYGGX274S8SKJX7QXKTS8CT.pcm

SwiftExplicitDependencyGeneratePcm arm64 /Users/rafaeltoneto/Documents/TCC/AvaliacaoBuild/maeuse-ios/SDKExplicitPrecompiledModules/CoreImage-1HLQ9JEDXH10154MC4CU52MWO.pcm

SwiftExplicitDependencyGeneratePcm arm64 /Users/rafaeltoneto/Documents/TCC/AvaliacaoBuild/maeuse-ios/SDKExplicitPrecompiledModules/SwiftUICore-562ZFOXM4KEUABFWV4NPPI701.pcm

SwiftExplicitDependencyGeneratePcm x86_64 /Users/rafaeltoneto/Documents/TCC/AvaliacaoBuild/maeuse-ios/SDKExplicitPrecompiledModules/AVFoundation-6U772W7XXOC8QZ5WKCPCP6IOZ.pcm

SwiftExplicitDependencyGeneratePcm arm64 /Users/rafaeltoneto/Documents/TCC/AvaliacaoBuild/maeuse-ios/SDKExplicitPrecompiledModules/UIKit-4S4XK29HAWEUAL9D3WJAMGO5J.pcm

SwiftExplicitDependencyGeneratePcm arm64 /Users/rafaeltoneto/Documents/TCC/AvaliacaoBuild/maeuse-ios/SDKExplicitPrecompiledModules/VideoToolbox-1WEDF7TUJASX84BRGSABZOHW5.pcm

SwiftExplicitDependencyGeneratePcm arm64 /Users/rafaeltoneto/Documents/TCC/AvaliacaoBuild/maeuse-ios/SDKExplicitPrecompiledModules/AVFAudio-ELW6D29TJ3CS0DU4ZT8FEO3T3.pcm

SwiftExplicitDependencyGeneratePcm arm64 /Users/rafaeltoneto/Documents/TCC/AvaliacaoBuild/maeuse-ios/SDKExplicitPrecompiledModules/MediaToolbox-ECQO0N8EHKP03DADZTYCF3SR9.pcm

SwiftExplicitDependencyGeneratePcm arm64 /Users/rafaeltoneto/Documents/TCC/AvaliacaoBuild/maeuse-ios/SDKExplicitPrecompiledModules/AVFoundation-CTON2OXJSUH0SNRY01SS4R3X3.pcm

SwiftExplicitDependencyGeneratePcm x86_64 /Users/rafaeltoneto/Documents/TCC/AvaliacaoBuild/maeuse-ios/SDKExplicitPrecompiledModules/Speech-CQ32F07N77SBA0O4U9Y8X2AKZ.pcm

SwiftExplicitDependencyGeneratePcm arm64 /Users/rafaeltoneto/Documents/TCC/AvaliacaoBuild/maeuse-ios/SDKExplicitPrecompiledModules/Speech-855OU0B44V1W495BTYTGXET67.pcm

SwiftExplicitDependencyGeneratePcm x86_64 /Users/rafaeltoneto/Documents/TCC/AvaliacaoBuild/maeuse-ios/SDKExplicitPrecompiledModules/SwiftUI-71RP69ALQ2NO6035PQAIH3K08.pcm

SwiftCompile normal x86_64 Compiling\ AddExpenseIntent.swift,\ GeneratedAssetSymbols.swift /Users/rafaeltoneto/Documents/TCC/ProjetosExternos/maeuse-ios/Maeuse/AppIntents/AddExpenseIntent.swift /Users/rafaeltoneto/Documents/TCC/AvaliacaoBuild/maeuse-ios/Build/Intermediates.noindex/Maeuse.build/Debug-iphonesimulator/Maeuse.build/DerivedSources/GeneratedAssetSymbols.swift (in target 'Maeuse' from project 'Maeuse')

SwiftCompile normal x86_64 /Users/rafaeltoneto/Documents/TCC/ProjetosExternos/maeuse-ios/Maeuse/AppIntents/AddExpenseIntent.swift (in target 'Maeuse' from project 'Maeuse')
    cd /Users/rafaeltoneto/Documents/TCC/ProjetosExternos/maeuse-ios
    builtin-SwiftPerFileCompile AddExpenseIntent.swift

SwiftCompile normal x86_64 /Users/rafaeltoneto/Documents/TCC/AvaliacaoBuild/maeuse-ios/Build/Intermediates.noindex/Maeuse.build/Debug-iphonesimulator/Maeuse.build/DerivedSources/GeneratedAssetSymbols.swift (in target 'Maeuse' from project 'Maeuse')
    cd /Users/rafaeltoneto/Documents/TCC/ProjetosExternos/maeuse-ios
    builtin-SwiftPerFileCompile GeneratedAssetSymbols.swift

SwiftCompile normal x86_64 Compiling\ BackupService.swift,\ CaptureLaunchRouter.swift /Users/rafaeltoneto/Documents/TCC/ProjetosExternos/maeuse-ios/Maeuse/Services/BackupService.swift /Users/rafaeltoneto/Documents/TCC/ProjetosExternos/maeuse-ios/Maeuse/Services/CaptureLaunchRouter.swift (in target 'Maeuse' from project 'Maeuse')

SwiftCompile normal x86_64 /Users/rafaeltoneto/Documents/TCC/ProjetosExternos/maeuse-ios/Maeuse/Services/BackupService.swift (in target 'Maeuse' from project 'Maeuse')
    cd /Users/rafaeltoneto/Documents/TCC/ProjetosExternos/maeuse-ios
    builtin-SwiftPerFileCompile BackupService.swift

SwiftCompile normal x86_64 /Users/rafaeltoneto/Documents/TCC/ProjetosExternos/maeuse-ios/Maeuse/Services/CaptureLaunchRouter.swift (in target 'Maeuse' from project 'Maeuse')
    cd /Users/rafaeltoneto/Documents/TCC/ProjetosExternos/maeuse-ios
    builtin-SwiftPerFileCompile CaptureLaunchRouter.swift

SwiftEmitModule normal x86_64 Emitting\ module\ for\ Maeuse (in target 'Maeuse' from project 'Maeuse')

SwiftCompile normal x86_64 (in target 'Maeuse' from project 'Maeuse')
    cd /Users/rafaeltoneto/Documents/TCC/ProjetosExternos/maeuse-ios
    

SwiftCompile normal x86_64 Compiling\ ExpenseRow.swift,\ OpenAIRealtimeClientSecretService.swift,\ RealtimeEventParser.swift /Users/rafaeltoneto/Documents/TCC/ProjetosExternos/maeuse-ios/Maeuse/Views/Components/ExpenseRow.swift /Users/rafaeltoneto/Documents/TCC/ProjetosExternos/maeuse-ios/Maeuse/Services/OpenAIRealtimeClientSecretService.swift /Users/rafaeltoneto/Documents/TCC/ProjetosExternos/maeuse-ios/Maeuse/Services/RealtimeEventParser.swift (in target 'Maeuse' from project 'Maeuse')

SwiftCompile normal x86_64 /Users/rafaeltoneto/Documents/TCC/ProjetosExternos/maeuse-ios/Maeuse/Views/Components/ExpenseRow.swift (in target 'Maeuse' from project 'Maeuse')
    cd /Users/rafaeltoneto/Documents/TCC/ProjetosExternos/maeuse-ios
    builtin-SwiftPerFileCompile ExpenseRow.swift

SwiftCompile normal x86_64 /Users/rafaeltoneto/Documents/TCC/ProjetosExternos/maeuse-ios/Maeuse/Services/OpenAIRealtimeClientSecretService.swift (in target 'Maeuse' from project 'Maeuse')
    cd /Users/rafaeltoneto/Documents/TCC/ProjetosExternos/maeuse-ios
    builtin-SwiftPerFileCompile OpenAIRealtimeClientSecretService.swift

SwiftCompile normal x86_64 /Users/rafaeltoneto/Documents/TCC/ProjetosExternos/maeuse-ios/Maeuse/Services/RealtimeEventParser.swift (in target 'Maeuse' from project 'Maeuse')
    cd /Users/rafaeltoneto/Documents/TCC/ProjetosExternos/maeuse-ios
    builtin-SwiftPerFileCompile RealtimeEventParser.swift

SwiftCompile normal x86_64 Compiling\ Expense.swift,\ VoiceWorkspace.swift,\ LiquidGlass.swift /Users/rafaeltoneto/Documents/TCC/ProjetosExternos/maeuse-ios/Maeuse/Models/Expense.swift /Users/rafaeltoneto/Documents/TCC/ProjetosExternos/maeuse-ios/Maeuse/Models/VoiceWorkspace.swift /Users/rafaeltoneto/Documents/TCC/ProjetosExternos/maeuse-ios/Maeuse/Theme/LiquidGlass.swift (in target 'Maeuse' from project 'Maeuse')

SwiftCompile normal x86_64 /Users/rafaeltoneto/Documents/TCC/ProjetosExternos/maeuse-ios/Maeuse/Models/Expense.swift (in target 'Maeuse' from project 'Maeuse')
    cd /Users/rafaeltoneto/Documents/TCC/ProjetosExternos/maeuse-ios
    builtin-SwiftPerFileCompile Expense.swift

SwiftCompile normal x86_64 /Users/rafaeltoneto/Documents/TCC/ProjetosExternos/maeuse-ios/Maeuse/Models/VoiceWorkspace.swift (in target 'Maeuse' from project 'Maeuse')
    cd /Users/rafaeltoneto/Documents/TCC/ProjetosExternos/maeuse-ios
    builtin-SwiftPerFileCompile VoiceWorkspace.swift

SwiftCompile normal x86_64 /Users/rafaeltoneto/Documents/TCC/ProjetosExternos/maeuse-ios/Maeuse/Theme/LiquidGlass.swift (in target 'Maeuse' from project 'Maeuse')
    cd /Users/rafaeltoneto/Documents/TCC/ProjetosExternos/maeuse-ios
    builtin-SwiftPerFileCompile LiquidGlass.swift

SwiftCompile normal x86_64 Compiling\ AppleExpenseInterpreter.swift,\ RealtimeVoiceService.swift /Users/rafaeltoneto/Documents/TCC/ProjetosExternos/maeuse-ios/Maeuse/Services/AppleExpenseInterpreter.swift /Users/rafaeltoneto/Documents/TCC/ProjetosExternos/maeuse-ios/Maeuse/Services/RealtimeVoiceService.swift (in target 'Maeuse' from project 'Maeuse')

SwiftCompile normal x86_64 /Users/rafaeltoneto/Documents/TCC/ProjetosExternos/maeuse-ios/Maeuse/Services/AppleExpenseInterpreter.swift (in target 'Maeuse' from project 'Maeuse')
    cd /Users/rafaeltoneto/Documents/TCC/ProjetosExternos/maeuse-ios
    builtin-SwiftPerFileCompile AppleExpenseInterpreter.swift

SwiftCompile normal x86_64 /Users/rafaeltoneto/Documents/TCC/ProjetosExternos/maeuse-ios/Maeuse/Services/RealtimeVoiceService.swift (in target 'Maeuse' from project 'Maeuse')
    cd /Users/rafaeltoneto/Documents/TCC/ProjetosExternos/maeuse-ios
    builtin-SwiftPerFileCompile RealtimeVoiceService.swift

SwiftCompile normal x86_64 Compiling\ ExpenseListViewModel.swift,\ ExpenseEditorViewModel.swift,\ VoiceModeViewModel.swift /Users/rafaeltoneto/Documents/TCC/ProjetosExternos/maeuse-ios/Maeuse/ViewModels/ExpenseListViewModel.swift /Users/rafaeltoneto/Documents/TCC/ProjetosExternos/maeuse-ios/Maeuse/ViewModels/ExpenseEditorViewModel.swift /Users/rafaeltoneto/Documents/TCC/ProjetosExternos/maeuse-ios/Maeuse/ViewModels/VoiceModeViewModel.swift (in target 'Maeuse' from project 'Maeuse')

SwiftCompile normal x86_64 /Users/rafaeltoneto/Documents/TCC/ProjetosExternos/maeuse-ios/Maeuse/ViewModels/ExpenseListViewModel.swift (in target 'Maeuse' from project 'Maeuse')
    cd /Users/rafaeltoneto/Documents/TCC/ProjetosExternos/maeuse-ios
    builtin-SwiftPerFileCompile ExpenseListViewModel.swift

SwiftCompile normal x86_64 /Users/rafaeltoneto/Documents/TCC/ProjetosExternos/maeuse-ios/Maeuse/ViewModels/ExpenseEditorViewModel.swift (in target 'Maeuse' from project 'Maeuse')
    cd /Users/rafaeltoneto/Documents/TCC/ProjetosExternos/maeuse-ios
    builtin-SwiftPerFileCompile ExpenseEditorViewModel.swift

SwiftCompile normal x86_64 /Users/rafaeltoneto/Documents/TCC/ProjetosExternos/maeuse-ios/Maeuse/ViewModels/VoiceModeViewModel.swift (in target 'Maeuse' from project 'Maeuse')
    cd /Users/rafaeltoneto/Documents/TCC/ProjetosExternos/maeuse-ios
    builtin-SwiftPerFileCompile VoiceModeViewModel.swift

SwiftCompile normal x86_64 Compiling\ VoiceSessionService.swift,\ AppleLocalVoiceService.swift /Users/rafaeltoneto/Documents/TCC/ProjetosExternos/maeuse-ios/Maeuse/Services/VoiceSessionService.swift /Users/rafaeltoneto/Documents/TCC/ProjetosExternos/maeuse-ios/Maeuse/Services/AppleLocalVoiceService.swift (in target 'Maeuse' from project 'Maeuse')

SwiftCompile normal x86_64 /Users/rafaeltoneto/Documents/TCC/ProjetosExternos/maeuse-ios/Maeuse/Services/VoiceSessionService.swift (in target 'Maeuse' from project 'Maeuse')
    cd /Users/rafaeltoneto/Documents/TCC/ProjetosExternos/maeuse-ios
    builtin-SwiftPerFileCompile VoiceSessionService.swift

SwiftCompile normal x86_64 /Users/rafaeltoneto/Documents/TCC/ProjetosExternos/maeuse-ios/Maeuse/Services/AppleLocalVoiceService.swift (in target 'Maeuse' from project 'Maeuse')
    cd /Users/rafaeltoneto/Documents/TCC/ProjetosExternos/maeuse-ios
    builtin-SwiftPerFileCompile AppleLocalVoiceService.swift

SwiftCompile normal x86_64 Compiling\ LanguageManager.swift,\ MaeuseApp.swift,\ ContentView.swift /Users/rafaeltoneto/Documents/TCC/ProjetosExternos/maeuse-ios/Maeuse/Services/LanguageManager.swift /Users/rafaeltoneto/Documents/TCC/ProjetosExternos/maeuse-ios/Maeuse/MaeuseApp.swift /Users/rafaeltoneto/Documents/TCC/ProjetosExternos/maeuse-ios/Maeuse/ContentView.swift (in target 'Maeuse' from project 'Maeuse')

SwiftCompile normal x86_64 /Users/rafaeltoneto/Documents/TCC/ProjetosExternos/maeuse-ios/Maeuse/Services/LanguageManager.swift (in target 'Maeuse' from project 'Maeuse')
    cd /Users/rafaeltoneto/Documents/TCC/ProjetosExternos/maeuse-ios
    builtin-SwiftPerFileCompile LanguageManager.swift

SwiftCompile normal x86_64 /Users/rafaeltoneto/Documents/TCC/ProjetosExternos/maeuse-ios/Maeuse/MaeuseApp.swift (in target 'Maeuse' from project 'Maeuse')
    cd /Users/rafaeltoneto/Documents/TCC/ProjetosExternos/maeuse-ios
    builtin-SwiftPerFileCompile MaeuseApp.swift

SwiftCompile normal x86_64 /Users/rafaeltoneto/Documents/TCC/ProjetosExternos/maeuse-ios/Maeuse/ContentView.swift (in target 'Maeuse' from project 'Maeuse')
    cd /Users/rafaeltoneto/Documents/TCC/ProjetosExternos/maeuse-ios
    builtin-SwiftPerFileCompile ContentView.swift

SwiftCompile normal x86_64 Compiling\ SettingsViewModel.swift,\ MainExpenseView.swift,\ ExpenseEditorSheet.swift /Users/rafaeltoneto/Documents/TCC/ProjetosExternos/maeuse-ios/Maeuse/ViewModels/SettingsViewModel.swift /Users/rafaeltoneto/Documents/TCC/ProjetosExternos/maeuse-ios/Maeuse/Views/MainExpenseView.swift /Users/rafaeltoneto/Documents/TCC/ProjetosExternos/maeuse-ios/Maeuse/Views/ExpenseEditorSheet.swift (in target 'Maeuse' from project 'Maeuse')

SwiftCompile normal x86_64 /Users/rafaeltoneto/Documents/TCC/ProjetosExternos/maeuse-ios/Maeuse/ViewModels/SettingsViewModel.swift (in target 'Maeuse' from project 'Maeuse')
    cd /Users/rafaeltoneto/Documents/TCC/ProjetosExternos/maeuse-ios
    builtin-SwiftPerFileCompile SettingsViewModel.swift

SwiftCompile normal x86_64 /Users/rafaeltoneto/Documents/TCC/ProjetosExternos/maeuse-ios/Maeuse/Views/MainExpenseView.swift (in target 'Maeuse' from project 'Maeuse')
    cd /Users/rafaeltoneto/Documents/TCC/ProjetosExternos/maeuse-ios
    builtin-SwiftPerFileCompile MainExpenseView.swift

SwiftCompile normal x86_64 /Users/rafaeltoneto/Documents/TCC/ProjetosExternos/maeuse-ios/Maeuse/Views/ExpenseEditorSheet.swift (in target 'Maeuse' from project 'Maeuse')
    cd /Users/rafaeltoneto/Documents/TCC/ProjetosExternos/maeuse-ios
    builtin-SwiftPerFileCompile ExpenseEditorSheet.swift

SwiftExplicitDependencyGeneratePcm arm64 /Users/rafaeltoneto/Documents/TCC/AvaliacaoBuild/maeuse-ios/SDKExplicitPrecompiledModules/SwiftUI-8H3ZR0PZM37POCDQPZ4LQ3UK4.pcm

SwiftDriverJobDiscovery normal x86_64 Compiling AddExpenseIntent.swift, GeneratedAssetSymbols.swift (in target 'Maeuse' from project 'Maeuse')

SwiftCompile normal x86_64 Compiling\ VoiceSheet.swift,\ SettingsSheet.swift,\ OnboardingView.swift /Users/rafaeltoneto/Documents/TCC/ProjetosExternos/maeuse-ios/Maeuse/Views/VoiceSheet.swift /Users/rafaeltoneto/Documents/TCC/ProjetosExternos/maeuse-ios/Maeuse/Views/SettingsSheet.swift /Users/rafaeltoneto/Documents/TCC/ProjetosExternos/maeuse-ios/Maeuse/Views/OnboardingView.swift (in target 'Maeuse' from project 'Maeuse')

SwiftCompile normal x86_64 /Users/rafaeltoneto/Documents/TCC/ProjetosExternos/maeuse-ios/Maeuse/Views/VoiceSheet.swift (in target 'Maeuse' from project 'Maeuse')
    cd /Users/rafaeltoneto/Documents/TCC/ProjetosExternos/maeuse-ios
    builtin-SwiftPerFileCompile VoiceSheet.swift

SwiftCompile normal x86_64 /Users/rafaeltoneto/Documents/TCC/ProjetosExternos/maeuse-ios/Maeuse/Views/SettingsSheet.swift (in target 'Maeuse' from project 'Maeuse')
    cd /Users/rafaeltoneto/Documents/TCC/ProjetosExternos/maeuse-ios
    builtin-SwiftPerFileCompile SettingsSheet.swift

SwiftCompile normal x86_64 /Users/rafaeltoneto/Documents/TCC/ProjetosExternos/maeuse-ios/Maeuse/Views/OnboardingView.swift (in target 'Maeuse' from project 'Maeuse')
    cd /Users/rafaeltoneto/Documents/TCC/ProjetosExternos/maeuse-ios
    builtin-SwiftPerFileCompile OnboardingView.swift

SwiftEmitModule normal arm64 Emitting\ module\ for\ Maeuse (in target 'Maeuse' from project 'Maeuse')

SwiftCompile normal arm64 (in target 'Maeuse' from project 'Maeuse')
    cd /Users/rafaeltoneto/Documents/TCC/ProjetosExternos/maeuse-ios
    

SwiftDriverJobDiscovery normal x86_64 Compiling BackupService.swift, CaptureLaunchRouter.swift (in target 'Maeuse' from project 'Maeuse')

SwiftCompile normal arm64 Compiling\ ExpenseListViewModel.swift,\ ExpenseEditorViewModel.swift,\ VoiceModeViewModel.swift /Users/rafaeltoneto/Documents/TCC/ProjetosExternos/maeuse-ios/Maeuse/ViewModels/ExpenseListViewModel.swift /Users/rafaeltoneto/Documents/TCC/ProjetosExternos/maeuse-ios/Maeuse/ViewModels/ExpenseEditorViewModel.swift /Users/rafaeltoneto/Documents/TCC/ProjetosExternos/maeuse-ios/Maeuse/ViewModels/VoiceModeViewModel.swift (in target 'Maeuse' from project 'Maeuse')

SwiftCompile normal arm64 /Users/rafaeltoneto/Documents/TCC/ProjetosExternos/maeuse-ios/Maeuse/ViewModels/ExpenseListViewModel.swift (in target 'Maeuse' from project 'Maeuse')
    cd /Users/rafaeltoneto/Documents/TCC/ProjetosExternos/maeuse-ios
    builtin-SwiftPerFileCompile ExpenseListViewModel.swift

SwiftCompile normal arm64 /Users/rafaeltoneto/Documents/TCC/ProjetosExternos/maeuse-ios/Maeuse/ViewModels/ExpenseEditorViewModel.swift (in target 'Maeuse' from project 'Maeuse')
    cd /Users/rafaeltoneto/Documents/TCC/ProjetosExternos/maeuse-ios
    builtin-SwiftPerFileCompile ExpenseEditorViewModel.swift

SwiftCompile normal arm64 /Users/rafaeltoneto/Documents/TCC/ProjetosExternos/maeuse-ios/Maeuse/ViewModels/VoiceModeViewModel.swift (in target 'Maeuse' from project 'Maeuse')
    cd /Users/rafaeltoneto/Documents/TCC/ProjetosExternos/maeuse-ios
    builtin-SwiftPerFileCompile VoiceModeViewModel.swift

SwiftDriverJobDiscovery normal x86_64 Compiling VoiceSessionService.swift, AppleLocalVoiceService.swift (in target 'Maeuse' from project 'Maeuse')

SwiftCompile normal arm64 Compiling\ BackupService.swift,\ CaptureLaunchRouter.swift /Users/rafaeltoneto/Documents/TCC/ProjetosExternos/maeuse-ios/Maeuse/Services/BackupService.swift /Users/rafaeltoneto/Documents/TCC/ProjetosExternos/maeuse-ios/Maeuse/Services/CaptureLaunchRouter.swift (in target 'Maeuse' from project 'Maeuse')

SwiftCompile normal arm64 /Users/rafaeltoneto/Documents/TCC/ProjetosExternos/maeuse-ios/Maeuse/Services/BackupService.swift (in target 'Maeuse' from project 'Maeuse')
    cd /Users/rafaeltoneto/Documents/TCC/ProjetosExternos/maeuse-ios
    builtin-SwiftPerFileCompile BackupService.swift

SwiftCompile normal arm64 /Users/rafaeltoneto/Documents/TCC/ProjetosExternos/maeuse-ios/Maeuse/Services/CaptureLaunchRouter.swift (in target 'Maeuse' from project 'Maeuse')
    cd /Users/rafaeltoneto/Documents/TCC/ProjetosExternos/maeuse-ios
    builtin-SwiftPerFileCompile CaptureLaunchRouter.swift

SwiftDriverJobDiscovery normal x86_64 Emitting module for Maeuse (in target 'Maeuse' from project 'Maeuse')

SwiftDriver\ Compilation\ Requirements Maeuse normal x86_64 com.apple.xcode.tools.swift.compiler (in target 'Maeuse' from project 'Maeuse')
    cd /Users/rafaeltoneto/Documents/TCC/ProjetosExternos/maeuse-ios
    builtin-Swift-Compilation-Requirements -- /Applications/Xcode.app/Contents/Developer/Toolchains/XcodeDefault.xctoolchain/usr/bin/swiftc -module-name Maeuse -O @/Users/rafaeltoneto/Documents/TCC/AvaliacaoBuild/maeuse-ios/Build/Intermediates.noindex/Maeuse.build/Debug-iphonesimulator/Maeuse.build/Objects-normal/x86_64/Maeuse.SwiftFileList -enable-upcoming-feature StrictConcurrency -enable-bare-slash-regex -enable-experimental-feature DebugDescriptionMacro -sdk /Applications/Xcode.app/Contents/Developer/Platforms/iPhoneSimulator.platform/Developer/SDKs/iPhoneSimulator27.0.sdk -target x86_64-apple-ios17.0-simulator -g -module-cache-path /Users/rafaeltoneto/Documents/TCC/AvaliacaoBuild/maeuse-ios/ModuleCache.noindex -Xfrontend -serialize-debugging-options -profile-coverage-mapping -profile-generate -enable-testing -Xcc -D_LIBCPP_HARDENING_MODE\=_LIBCPP_HARDENING_MODE_DEBUG -swift-version 5 -I /Users/rafaeltoneto/Documents/TCC/AvaliacaoBuild/maeuse-ios/Build/Products/Debug-iphonesimulator -F /Users/rafaeltoneto/Documents/TCC/AvaliacaoBuild/maeuse-ios/Build/Products/Debug-iphonesimulator -emit-localized-strings -emit-localized-strings-path /Users/rafaeltoneto/Documents/TCC/AvaliacaoBuild/maeuse-ios/Build/Intermediates.noindex/Maeuse.build/Debug-iphonesimulator/Maeuse.build/Objects-normal/x86_64 -c -j10 -enable-batch-mode -incremental -Xcc -ivfsstatcache -Xcc /Users/rafaeltoneto/Documents/TCC/AvaliacaoBuild/maeuse-ios/SDKStatCaches.noindex/iphonesimulator27.0-24A430-8dc58220667be655e1bcc261a7455254.sdkstatcache -output-file-map /Users/rafaeltoneto/Documents/TCC/AvaliacaoBuild/maeuse-ios/Build/Intermediates.noindex/Maeuse.build/Debug-iphonesimulator/Maeuse.build/Objects-normal/x86_64/Maeuse-OutputFileMap.json -save-temps -no-color-diagnostics -explicit-module-build -module-cache-path /Users/rafaeltoneto/Documents/TCC/AvaliacaoBuild/maeuse-ios/Build/Intermediates.noindex/SwiftExplicitPrecompiledModules -clang-scanner-module-cache-path /Users/rafaeltoneto/Documents/TCC/AvaliacaoBuild/maeuse-ios/ModuleCache.noindex -sdk-module-cache-path /Users/rafaeltoneto/Documents/TCC/AvaliacaoBuild/maeuse-ios/SDKExplicitPrecompiledModules -emit-dependencies -emit-module -emit-module-path /Users/rafaeltoneto/Documents/TCC/AvaliacaoBuild/maeuse-ios/Build/Intermediates.noindex/Maeuse.build/Debug-iphonesimulator/Maeuse.build/Objects-normal/x86_64/Maeuse.swiftmodule -serialize-diagnostics -dependency-scan-serialize-diagnostics-path /Users/rafaeltoneto/Documents/TCC/AvaliacaoBuild/maeuse-ios/Build/Intermediates.noindex/Maeuse.build/Debug-iphonesimulator/Maeuse.build/Objects-normal/x86_64/Maeuse-dependency-scan.dia -validate-clang-modules-once -clang-build-session-file /Users/rafaeltoneto/Documents/TCC/AvaliacaoBuild/maeuse-ios/ModuleCache.noindex/Session.modulevalidation -Xcc -fmodules-prune-interval\=86400 -Xcc -fmodules-prune-after\=345600 -emit-const-values -const-gather-protocols-list /Users/rafaeltoneto/Documents/TCC/AvaliacaoBuild/maeuse-ios/Build/Intermediates.noindex/Maeuse.build/Debug-iphonesimulator/Maeuse.build/Objects-normal/x86_64/Maeuse_const_extract_protocols.json -Xcc -iquote -Xcc /Users/rafaeltoneto/Documents/TCC/AvaliacaoBuild/maeuse-ios/Build/Intermediates.noindex/Maeuse.build/Debug-iphonesimulator/Maeuse.build/Maeuse-generated-files.hmap -Xcc -I/Users/rafaeltoneto/Documents/TCC/AvaliacaoBuild/maeuse-ios/Build/Intermediates.noindex/Maeuse.build/Debug-iphonesimulator/Maeuse.build/Maeuse-own-target-headers.hmap -Xcc -I/Users/rafaeltoneto/Documents/TCC/AvaliacaoBuild/maeuse-ios/Build/Intermediates.noindex/Maeuse.build/Debug-iphonesimulator/Maeuse.build/Maeuse-all-target-headers.hmap -Xcc -iquote -Xcc /Users/rafaeltoneto/Documents/TCC/AvaliacaoBuild/maeuse-ios/Build/Intermediates.noindex/Maeuse.build/Debug-iphonesimulator/Maeuse.build/Maeuse-project-headers.hmap -Xcc -I/Users/rafaeltoneto/Documents/TCC/AvaliacaoBuild/maeuse-ios/Build/Products/Debug-iphonesimulator/include -Xcc -I/Users/rafaeltoneto/Documents/TCC/AvaliacaoBuild/maeuse-ios/Build/Intermediates.noindex/Maeuse.build/Debug-iphonesimulator/Maeuse.build/DerivedSources-normal/x86_64 -Xcc -I/Users/rafaeltoneto/Documents/TCC/AvaliacaoBuild/maeuse-ios/Build/Intermediates.noindex/Maeuse.build/Debug-iphonesimulator/Maeuse.build/DerivedSources/x86_64 -Xcc -I/Users/rafaeltoneto/Documents/TCC/AvaliacaoBuild/maeuse-ios/Build/Intermediates.noindex/Maeuse.build/Debug-iphonesimulator/Maeuse.build/DerivedSources -Xcc -DDEBUG\=1 -emit-objc-header -emit-objc-header-path /Users/rafaeltoneto/Documents/TCC/AvaliacaoBuild/maeuse-ios/Build/Intermediates.noindex/Maeuse.build/Debug-iphonesimulator/Maeuse.build/Objects-normal/x86_64/Maeuse-Swift.h -working-directory /Users/rafaeltoneto/Documents/TCC/ProjetosExternos/maeuse-ios -experimental-emit-module-separately -disable-cmo

SwiftDriverJobDiscovery normal x86_64 Compiling LanguageManager.swift, MaeuseApp.swift, ContentView.swift (in target 'Maeuse' from project 'Maeuse')

SwiftCompile normal arm64 Compiling\ VoiceSessionService.swift,\ AppleLocalVoiceService.swift /Users/rafaeltoneto/Documents/TCC/ProjetosExternos/maeuse-ios/Maeuse/Services/VoiceSessionService.swift /Users/rafaeltoneto/Documents/TCC/ProjetosExternos/maeuse-ios/Maeuse/Services/AppleLocalVoiceService.swift (in target 'Maeuse' from project 'Maeuse')

SwiftCompile normal arm64 /Users/rafaeltoneto/Documents/TCC/ProjetosExternos/maeuse-ios/Maeuse/Services/VoiceSessionService.swift (in target 'Maeuse' from project 'Maeuse')
    cd /Users/rafaeltoneto/Documents/TCC/ProjetosExternos/maeuse-ios
    builtin-SwiftPerFileCompile VoiceSessionService.swift

SwiftCompile normal arm64 /Users/rafaeltoneto/Documents/TCC/ProjetosExternos/maeuse-ios/Maeuse/Services/AppleLocalVoiceService.swift (in target 'Maeuse' from project 'Maeuse')
    cd /Users/rafaeltoneto/Documents/TCC/ProjetosExternos/maeuse-ios
    builtin-SwiftPerFileCompile AppleLocalVoiceService.swift

SwiftDriverJobDiscovery normal x86_64 Compiling ExpenseRow.swift, OpenAIRealtimeClientSecretService.swift, RealtimeEventParser.swift (in target 'Maeuse' from project 'Maeuse')

Copy /Users/rafaeltoneto/Documents/TCC/AvaliacaoBuild/maeuse-ios/Build/Products/Debug-iphonesimulator/Maeuse.swiftmodule/x86_64-apple-ios-simulator.swiftmodule /Users/rafaeltoneto/Documents/TCC/AvaliacaoBuild/maeuse-ios/Build/Intermediates.noindex/Maeuse.build/Debug-iphonesimulator/Maeuse.build/Objects-normal/x86_64/Maeuse.swiftmodule (in target 'Maeuse' from project 'Maeuse')
    cd /Users/rafaeltoneto/Documents/TCC/ProjetosExternos/maeuse-ios
    builtin-copy -exclude .DS_Store -exclude CVS -exclude .svn -exclude .git -exclude .hg -resolve-src-symlinks -rename /Users/rafaeltoneto/Documents/TCC/AvaliacaoBuild/maeuse-ios/Build/Intermediates.noindex/Maeuse.build/Debug-iphonesimulator/Maeuse.build/Objects-normal/x86_64/Maeuse.swiftmodule /Users/rafaeltoneto/Documents/TCC/AvaliacaoBuild/maeuse-ios/Build/Products/Debug-iphonesimulator/Maeuse.swiftmodule/x86_64-apple-ios-simulator.swiftmodule

Copy /Users/rafaeltoneto/Documents/TCC/AvaliacaoBuild/maeuse-ios/Build/Products/Debug-iphonesimulator/Maeuse.swiftmodule/x86_64-apple-ios-simulator.swiftdoc /Users/rafaeltoneto/Documents/TCC/AvaliacaoBuild/maeuse-ios/Build/Intermediates.noindex/Maeuse.build/Debug-iphonesimulator/Maeuse.build/Objects-normal/x86_64/Maeuse.swiftdoc (in target 'Maeuse' from project 'Maeuse')
    cd /Users/rafaeltoneto/Documents/TCC/ProjetosExternos/maeuse-ios
    builtin-copy -exclude .DS_Store -exclude CVS -exclude .svn -exclude .git -exclude .hg -resolve-src-symlinks -rename /Users/rafaeltoneto/Documents/TCC/AvaliacaoBuild/maeuse-ios/Build/Intermediates.noindex/Maeuse.build/Debug-iphonesimulator/Maeuse.build/Objects-normal/x86_64/Maeuse.swiftdoc /Users/rafaeltoneto/Documents/TCC/AvaliacaoBuild/maeuse-ios/Build/Products/Debug-iphonesimulator/Maeuse.swiftmodule/x86_64-apple-ios-simulator.swiftdoc

Copy /Users/rafaeltoneto/Documents/TCC/AvaliacaoBuild/maeuse-ios/Build/Products/Debug-iphonesimulator/Maeuse.swiftmodule/x86_64-apple-ios-simulator.abi.json /Users/rafaeltoneto/Documents/TCC/AvaliacaoBuild/maeuse-ios/Build/Intermediates.noindex/Maeuse.build/Debug-iphonesimulator/Maeuse.build/Objects-normal/x86_64/Maeuse.abi.json (in target 'Maeuse' from project 'Maeuse')
    cd /Users/rafaeltoneto/Documents/TCC/ProjetosExternos/maeuse-ios
    builtin-copy -exclude .DS_Store -exclude CVS -exclude .svn -exclude .git -exclude .hg -resolve-src-symlinks -rename /Users/rafaeltoneto/Documents/TCC/AvaliacaoBuild/maeuse-ios/Build/Intermediates.noindex/Maeuse.build/Debug-iphonesimulator/Maeuse.build/Objects-normal/x86_64/Maeuse.abi.json /Users/rafaeltoneto/Documents/TCC/AvaliacaoBuild/maeuse-ios/Build/Products/Debug-iphonesimulator/Maeuse.swiftmodule/x86_64-apple-ios-simulator.abi.json

Copy /Users/rafaeltoneto/Documents/TCC/AvaliacaoBuild/maeuse-ios/Build/Products/Debug-iphonesimulator/Maeuse.swiftmodule/Project/x86_64-apple-ios-simulator.swiftsourceinfo /Users/rafaeltoneto/Documents/TCC/AvaliacaoBuild/maeuse-ios/Build/Intermediates.noindex/Maeuse.build/Debug-iphonesimulator/Maeuse.build/Objects-normal/x86_64/Maeuse.swiftsourceinfo (in target 'Maeuse' from project 'Maeuse')
    cd /Users/rafaeltoneto/Documents/TCC/ProjetosExternos/maeuse-ios
    builtin-copy -exclude .DS_Store -exclude CVS -exclude .svn -exclude .git -exclude .hg -resolve-src-symlinks -rename /Users/rafaeltoneto/Documents/TCC/AvaliacaoBuild/maeuse-ios/Build/Intermediates.noindex/Maeuse.build/Debug-iphonesimulator/Maeuse.build/Objects-normal/x86_64/Maeuse.swiftsourceinfo /Users/rafaeltoneto/Documents/TCC/AvaliacaoBuild/maeuse-ios/Build/Products/Debug-iphonesimulator/Maeuse.swiftmodule/Project/x86_64-apple-ios-simulator.swiftsourceinfo

SwiftCompile normal arm64 Compiling\ SettingsViewModel.swift,\ MainExpenseView.swift,\ ExpenseEditorSheet.swift /Users/rafaeltoneto/Documents/TCC/ProjetosExternos/maeuse-ios/Maeuse/ViewModels/SettingsViewModel.swift /Users/rafaeltoneto/Documents/TCC/ProjetosExternos/maeuse-ios/Maeuse/Views/MainExpenseView.swift /Users/rafaeltoneto/Documents/TCC/ProjetosExternos/maeuse-ios/Maeuse/Views/ExpenseEditorSheet.swift (in target 'Maeuse' from project 'Maeuse')

SwiftCompile normal arm64 /Users/rafaeltoneto/Documents/TCC/ProjetosExternos/maeuse-ios/Maeuse/ViewModels/SettingsViewModel.swift (in target 'Maeuse' from project 'Maeuse')
    cd /Users/rafaeltoneto/Documents/TCC/ProjetosExternos/maeuse-ios
    builtin-SwiftPerFileCompile SettingsViewModel.swift

SwiftCompile normal arm64 /Users/rafaeltoneto/Documents/TCC/ProjetosExternos/maeuse-ios/Maeuse/Views/MainExpenseView.swift (in target 'Maeuse' from project 'Maeuse')
    cd /Users/rafaeltoneto/Documents/TCC/ProjetosExternos/maeuse-ios
    builtin-SwiftPerFileCompile MainExpenseView.swift

SwiftCompile normal arm64 /Users/rafaeltoneto/Documents/TCC/ProjetosExternos/maeuse-ios/Maeuse/Views/ExpenseEditorSheet.swift (in target 'Maeuse' from project 'Maeuse')
    cd /Users/rafaeltoneto/Documents/TCC/ProjetosExternos/maeuse-ios
    builtin-SwiftPerFileCompile ExpenseEditorSheet.swift

SwiftCompile normal arm64 Compiling\ LanguageManager.swift,\ MaeuseApp.swift,\ ContentView.swift /Users/rafaeltoneto/Documents/TCC/ProjetosExternos/maeuse-ios/Maeuse/Services/LanguageManager.swift /Users/rafaeltoneto/Documents/TCC/ProjetosExternos/maeuse-ios/Maeuse/MaeuseApp.swift /Users/rafaeltoneto/Documents/TCC/ProjetosExternos/maeuse-ios/Maeuse/ContentView.swift (in target 'Maeuse' from project 'Maeuse')

SwiftCompile normal arm64 /Users/rafaeltoneto/Documents/TCC/ProjetosExternos/maeuse-ios/Maeuse/Services/LanguageManager.swift (in target 'Maeuse' from project 'Maeuse')
    cd /Users/rafaeltoneto/Documents/TCC/ProjetosExternos/maeuse-ios
    builtin-SwiftPerFileCompile LanguageManager.swift

SwiftCompile normal arm64 /Users/rafaeltoneto/Documents/TCC/ProjetosExternos/maeuse-ios/Maeuse/MaeuseApp.swift (in target 'Maeuse' from project 'Maeuse')
    cd /Users/rafaeltoneto/Documents/TCC/ProjetosExternos/maeuse-ios
    builtin-SwiftPerFileCompile MaeuseApp.swift

SwiftCompile normal arm64 /Users/rafaeltoneto/Documents/TCC/ProjetosExternos/maeuse-ios/Maeuse/ContentView.swift (in target 'Maeuse' from project 'Maeuse')
    cd /Users/rafaeltoneto/Documents/TCC/ProjetosExternos/maeuse-ios
    builtin-SwiftPerFileCompile ContentView.swift

SwiftDriverJobDiscovery normal arm64 Emitting module for Maeuse (in target 'Maeuse' from project 'Maeuse')

SwiftDriver\ Compilation\ Requirements Maeuse normal arm64 com.apple.xcode.tools.swift.compiler (in target 'Maeuse' from project 'Maeuse')
    cd /Users/rafaeltoneto/Documents/TCC/ProjetosExternos/maeuse-ios
    builtin-Swift-Compilation-Requirements -- /Applications/Xcode.app/Contents/Developer/Toolchains/XcodeDefault.xctoolchain/usr/bin/swiftc -module-name Maeuse -O @/Users/rafaeltoneto/Documents/TCC/AvaliacaoBuild/maeuse-ios/Build/Intermediates.noindex/Maeuse.build/Debug-iphonesimulator/Maeuse.build/Objects-normal/arm64/Maeuse.SwiftFileList -enable-upcoming-feature StrictConcurrency -enable-bare-slash-regex -enable-experimental-feature DebugDescriptionMacro -sdk /Applications/Xcode.app/Contents/Developer/Platforms/iPhoneSimulator.platform/Developer/SDKs/iPhoneSimulator27.0.sdk -target arm64-apple-ios17.0-simulator -g -module-cache-path /Users/rafaeltoneto/Documents/TCC/AvaliacaoBuild/maeuse-ios/ModuleCache.noindex -Xfrontend -serialize-debugging-options -profile-coverage-mapping -profile-generate -enable-testing -Xcc -D_LIBCPP_HARDENING_MODE\=_LIBCPP_HARDENING_MODE_DEBUG -swift-version 5 -I /Users/rafaeltoneto/Documents/TCC/AvaliacaoBuild/maeuse-ios/Build/Products/Debug-iphonesimulator -F /Users/rafaeltoneto/Documents/TCC/AvaliacaoBuild/maeuse-ios/Build/Products/Debug-iphonesimulator -emit-localized-strings -emit-localized-strings-path /Users/rafaeltoneto/Documents/TCC/AvaliacaoBuild/maeuse-ios/Build/Intermediates.noindex/Maeuse.build/Debug-iphonesimulator/Maeuse.build/Objects-normal/arm64 -c -j10 -enable-batch-mode -incremental -Xcc -ivfsstatcache -Xcc /Users/rafaeltoneto/Documents/TCC/AvaliacaoBuild/maeuse-ios/SDKStatCaches.noindex/iphonesimulator27.0-24A430-8dc58220667be655e1bcc261a7455254.sdkstatcache -output-file-map /Users/rafaeltoneto/Documents/TCC/AvaliacaoBuild/maeuse-ios/Build/Intermediates.noindex/Maeuse.build/Debug-iphonesimulator/Maeuse.build/Objects-normal/arm64/Maeuse-OutputFileMap.json -save-temps -no-color-diagnostics -explicit-module-build -module-cache-path /Users/rafaeltoneto/Documents/TCC/AvaliacaoBuild/maeuse-ios/Build/Intermediates.noindex/SwiftExplicitPrecompiledModules -clang-scanner-module-cache-path /Users/rafaeltoneto/Documents/TCC/AvaliacaoBuild/maeuse-ios/ModuleCache.noindex -sdk-module-cache-path /Users/rafaeltoneto/Documents/TCC/AvaliacaoBuild/maeuse-ios/SDKExplicitPrecompiledModules -emit-dependencies -emit-module -emit-module-path /Users/rafaeltoneto/Documents/TCC/AvaliacaoBuild/maeuse-ios/Build/Intermediates.noindex/Maeuse.build/Debug-iphonesimulator/Maeuse.build/Objects-normal/arm64/Maeuse.swiftmodule -serialize-diagnostics -dependency-scan-serialize-diagnostics-path /Users/rafaeltoneto/Documents/TCC/AvaliacaoBuild/maeuse-ios/Build/Intermediates.noindex/Maeuse.build/Debug-iphonesimulator/Maeuse.build/Objects-normal/arm64/Maeuse-dependency-scan.dia -validate-clang-modules-once -clang-build-session-file /Users/rafaeltoneto/Documents/TCC/AvaliacaoBuild/maeuse-ios/ModuleCache.noindex/Session.modulevalidation -Xcc -fmodules-prune-interval\=86400 -Xcc -fmodules-prune-after\=345600 -emit-const-values -const-gather-protocols-list /Users/rafaeltoneto/Documents/TCC/AvaliacaoBuild/maeuse-ios/Build/Intermediates.noindex/Maeuse.build/Debug-iphonesimulator/Maeuse.build/Objects-normal/arm64/Maeuse_const_extract_protocols.json -Xcc -iquote -Xcc /Users/rafaeltoneto/Documents/TCC/AvaliacaoBuild/maeuse-ios/Build/Intermediates.noindex/Maeuse.build/Debug-iphonesimulator/Maeuse.build/Maeuse-generated-files.hmap -Xcc -I/Users/rafaeltoneto/Documents/TCC/AvaliacaoBuild/maeuse-ios/Build/Intermediates.noindex/Maeuse.build/Debug-iphonesimulator/Maeuse.build/Maeuse-own-target-headers.hmap -Xcc -I/Users/rafaeltoneto/Documents/TCC/AvaliacaoBuild/maeuse-ios/Build/Intermediates.noindex/Maeuse.build/Debug-iphonesimulator/Maeuse.build/Maeuse-all-target-headers.hmap -Xcc -iquote -Xcc /Users/rafaeltoneto/Documents/TCC/AvaliacaoBuild/maeuse-ios/Build/Intermediates.noindex/Maeuse.build/Debug-iphonesimulator/Maeuse.build/Maeuse-project-headers.hmap -Xcc -I/Users/rafaeltoneto/Documents/TCC/AvaliacaoBuild/maeuse-ios/Build/Products/Debug-iphonesimulator/include -Xcc -I/Users/rafaeltoneto/Documents/TCC/AvaliacaoBuild/maeuse-ios/Build/Intermediates.noindex/Maeuse.build/Debug-iphonesimulator/Maeuse.build/DerivedSources-normal/arm64 -Xcc -I/Users/rafaeltoneto/Documents/TCC/AvaliacaoBuild/maeuse-ios/Build/Intermediates.noindex/Maeuse.build/Debug-iphonesimulator/Maeuse.build/DerivedSources/arm64 -Xcc -I/Users/rafaeltoneto/Documents/TCC/AvaliacaoBuild/maeuse-ios/Build/Intermediates.noindex/Maeuse.build/Debug-iphonesimulator/Maeuse.build/DerivedSources -Xcc -DDEBUG\=1 -emit-objc-header -emit-objc-header-path /Users/rafaeltoneto/Documents/TCC/AvaliacaoBuild/maeuse-ios/Build/Intermediates.noindex/Maeuse.build/Debug-iphonesimulator/Maeuse.build/Objects-normal/arm64/Maeuse-Swift.h -working-directory /Users/rafaeltoneto/Documents/TCC/ProjetosExternos/maeuse-ios -experimental-emit-module-separately -disable-cmo

SwiftDriverJobDiscovery normal arm64 Compiling BackupService.swift, CaptureLaunchRouter.swift (in target 'Maeuse' from project 'Maeuse')

SwiftCompile normal arm64 Compiling\ ExpenseRow.swift,\ OpenAIRealtimeClientSecretService.swift,\ RealtimeEventParser.swift /Users/rafaeltoneto/Documents/TCC/ProjetosExternos/maeuse-ios/Maeuse/Views/Components/ExpenseRow.swift /Users/rafaeltoneto/Documents/TCC/ProjetosExternos/maeuse-ios/Maeuse/Services/OpenAIRealtimeClientSecretService.swift /Users/rafaeltoneto/Documents/TCC/ProjetosExternos/maeuse-ios/Maeuse/Services/RealtimeEventParser.swift (in target 'Maeuse' from project 'Maeuse')

SwiftCompile normal arm64 /Users/rafaeltoneto/Documents/TCC/ProjetosExternos/maeuse-ios/Maeuse/Views/Components/ExpenseRow.swift (in target 'Maeuse' from project 'Maeuse')
    cd /Users/rafaeltoneto/Documents/TCC/ProjetosExternos/maeuse-ios
    builtin-SwiftPerFileCompile ExpenseRow.swift

SwiftCompile normal arm64 /Users/rafaeltoneto/Documents/TCC/ProjetosExternos/maeuse-ios/Maeuse/Services/OpenAIRealtimeClientSecretService.swift (in target 'Maeuse' from project 'Maeuse')
    cd /Users/rafaeltoneto/Documents/TCC/ProjetosExternos/maeuse-ios
    builtin-SwiftPerFileCompile OpenAIRealtimeClientSecretService.swift

SwiftCompile normal arm64 /Users/rafaeltoneto/Documents/TCC/ProjetosExternos/maeuse-ios/Maeuse/Services/RealtimeEventParser.swift (in target 'Maeuse' from project 'Maeuse')
    cd /Users/rafaeltoneto/Documents/TCC/ProjetosExternos/maeuse-ios
    builtin-SwiftPerFileCompile RealtimeEventParser.swift

SwiftMergeGeneratedHeaders /Users/rafaeltoneto/Documents/TCC/AvaliacaoBuild/maeuse-ios/Build/Intermediates.noindex/Maeuse.build/Debug-iphonesimulator/Maeuse.build/DerivedSources/Maeuse-Swift.h /Users/rafaeltoneto/Documents/TCC/AvaliacaoBuild/maeuse-ios/Build/Intermediates.noindex/Maeuse.build/Debug-iphonesimulator/Maeuse.build/Objects-normal/arm64/Maeuse-Swift.h /Users/rafaeltoneto/Documents/TCC/AvaliacaoBuild/maeuse-ios/Build/Intermediates.noindex/Maeuse.build/Debug-iphonesimulator/Maeuse.build/Objects-normal/x86_64/Maeuse-Swift.h (in target 'Maeuse' from project 'Maeuse')
    cd /Users/rafaeltoneto/Documents/TCC/ProjetosExternos/maeuse-ios
    builtin-swiftHeaderTool -arch arm64 /Users/rafaeltoneto/Documents/TCC/AvaliacaoBuild/maeuse-ios/Build/Intermediates.noindex/Maeuse.build/Debug-iphonesimulator/Maeuse.build/Objects-normal/arm64/Maeuse-Swift.h -arch x86_64 /Users/rafaeltoneto/Documents/TCC/AvaliacaoBuild/maeuse-ios/Build/Intermediates.noindex/Maeuse.build/Debug-iphonesimulator/Maeuse.build/Objects-normal/x86_64/Maeuse-Swift.h -o /Users/rafaeltoneto/Documents/TCC/AvaliacaoBuild/maeuse-ios/Build/Intermediates.noindex/Maeuse.build/Debug-iphonesimulator/Maeuse.build/DerivedSources/Maeuse-Swift.h

SwiftDriverJobDiscovery normal x86_64 Compiling Expense.swift, VoiceWorkspace.swift, LiquidGlass.swift (in target 'Maeuse' from project 'Maeuse')

Copy /Users/rafaeltoneto/Documents/TCC/AvaliacaoBuild/maeuse-ios/Build/Products/Debug-iphonesimulator/Maeuse.swiftmodule/arm64-apple-ios-simulator.swiftmodule /Users/rafaeltoneto/Documents/TCC/AvaliacaoBuild/maeuse-ios/Build/Intermediates.noindex/Maeuse.build/Debug-iphonesimulator/Maeuse.build/Objects-normal/arm64/Maeuse.swiftmodule (in target 'Maeuse' from project 'Maeuse')
    cd /Users/rafaeltoneto/Documents/TCC/ProjetosExternos/maeuse-ios
    builtin-copy -exclude .DS_Store -exclude CVS -exclude .svn -exclude .git -exclude .hg -resolve-src-symlinks -rename /Users/rafaeltoneto/Documents/TCC/AvaliacaoBuild/maeuse-ios/Build/Intermediates.noindex/Maeuse.build/Debug-iphonesimulator/Maeuse.build/Objects-normal/arm64/Maeuse.swiftmodule /Users/rafaeltoneto/Documents/TCC/AvaliacaoBuild/maeuse-ios/Build/Products/Debug-iphonesimulator/Maeuse.swiftmodule/arm64-apple-ios-simulator.swiftmodule

Copy /Users/rafaeltoneto/Documents/TCC/AvaliacaoBuild/maeuse-ios/Build/Products/Debug-iphonesimulator/Maeuse.swiftmodule/arm64-apple-ios-simulator.swiftdoc /Users/rafaeltoneto/Documents/TCC/AvaliacaoBuild/maeuse-ios/Build/Intermediates.noindex/Maeuse.build/Debug-iphonesimulator/Maeuse.build/Objects-normal/arm64/Maeuse.swiftdoc (in target 'Maeuse' from project 'Maeuse')
    cd /Users/rafaeltoneto/Documents/TCC/ProjetosExternos/maeuse-ios
    builtin-copy -exclude .DS_Store -exclude CVS -exclude .svn -exclude .git -exclude .hg -resolve-src-symlinks -rename /Users/rafaeltoneto/Documents/TCC/AvaliacaoBuild/maeuse-ios/Build/Intermediates.noindex/Maeuse.build/Debug-iphonesimulator/Maeuse.build/Objects-normal/arm64/Maeuse.swiftdoc /Users/rafaeltoneto/Documents/TCC/AvaliacaoBuild/maeuse-ios/Build/Products/Debug-iphonesimulator/Maeuse.swiftmodule/arm64-apple-ios-simulator.swiftdoc

Copy /Users/rafaeltoneto/Documents/TCC/AvaliacaoBuild/maeuse-ios/Build/Products/Debug-iphonesimulator/Maeuse.swiftmodule/arm64-apple-ios-simulator.abi.json /Users/rafaeltoneto/Documents/TCC/AvaliacaoBuild/maeuse-ios/Build/Intermediates.noindex/Maeuse.build/Debug-iphonesimulator/Maeuse.build/Objects-normal/arm64/Maeuse.abi.json (in target 'Maeuse' from project 'Maeuse')
    cd /Users/rafaeltoneto/Documents/TCC/ProjetosExternos/maeuse-ios
    builtin-copy -exclude .DS_Store -exclude CVS -exclude .svn -exclude .git -exclude .hg -resolve-src-symlinks -rename /Users/rafaeltoneto/Documents/TCC/AvaliacaoBuild/maeuse-ios/Build/Intermediates.noindex/Maeuse.build/Debug-iphonesimulator/Maeuse.build/Objects-normal/arm64/Maeuse.abi.json /Users/rafaeltoneto/Documents/TCC/AvaliacaoBuild/maeuse-ios/Build/Products/Debug-iphonesimulator/Maeuse.swiftmodule/arm64-apple-ios-simulator.abi.json

Copy /Users/rafaeltoneto/Documents/TCC/AvaliacaoBuild/maeuse-ios/Build/Products/Debug-iphonesimulator/Maeuse.swiftmodule/Project/arm64-apple-ios-simulator.swiftsourceinfo /Users/rafaeltoneto/Documents/TCC/AvaliacaoBuild/maeuse-ios/Build/Intermediates.noindex/Maeuse.build/Debug-iphonesimulator/Maeuse.build/Objects-normal/arm64/Maeuse.swiftsourceinfo (in target 'Maeuse' from project 'Maeuse')
    cd /Users/rafaeltoneto/Documents/TCC/ProjetosExternos/maeuse-ios
    builtin-copy -exclude .DS_Store -exclude CVS -exclude .svn -exclude .git -exclude .hg -resolve-src-symlinks -rename /Users/rafaeltoneto/Documents/TCC/AvaliacaoBuild/maeuse-ios/Build/Intermediates.noindex/Maeuse.build/Debug-iphonesimulator/Maeuse.build/Objects-normal/arm64/Maeuse.swiftsourceinfo /Users/rafaeltoneto/Documents/TCC/AvaliacaoBuild/maeuse-ios/Build/Products/Debug-iphonesimulator/Maeuse.swiftmodule/Project/arm64-apple-ios-simulator.swiftsourceinfo

SwiftCompile normal arm64 Compiling\ Expense.swift,\ VoiceWorkspace.swift,\ LiquidGlass.swift /Users/rafaeltoneto/Documents/TCC/ProjetosExternos/maeuse-ios/Maeuse/Models/Expense.swift /Users/rafaeltoneto/Documents/TCC/ProjetosExternos/maeuse-ios/Maeuse/Models/VoiceWorkspace.swift /Users/rafaeltoneto/Documents/TCC/ProjetosExternos/maeuse-ios/Maeuse/Theme/LiquidGlass.swift (in target 'Maeuse' from project 'Maeuse')

SwiftCompile normal arm64 /Users/rafaeltoneto/Documents/TCC/ProjetosExternos/maeuse-ios/Maeuse/Models/Expense.swift (in target 'Maeuse' from project 'Maeuse')
    cd /Users/rafaeltoneto/Documents/TCC/ProjetosExternos/maeuse-ios
    builtin-SwiftPerFileCompile Expense.swift

SwiftCompile normal arm64 /Users/rafaeltoneto/Documents/TCC/ProjetosExternos/maeuse-ios/Maeuse/Models/VoiceWorkspace.swift (in target 'Maeuse' from project 'Maeuse')
    cd /Users/rafaeltoneto/Documents/TCC/ProjetosExternos/maeuse-ios
    builtin-SwiftPerFileCompile VoiceWorkspace.swift

SwiftCompile normal arm64 /Users/rafaeltoneto/Documents/TCC/ProjetosExternos/maeuse-ios/Maeuse/Theme/LiquidGlass.swift (in target 'Maeuse' from project 'Maeuse')
    cd /Users/rafaeltoneto/Documents/TCC/ProjetosExternos/maeuse-ios
    builtin-SwiftPerFileCompile LiquidGlass.swift

SwiftDriverJobDiscovery normal arm64 Compiling VoiceSessionService.swift, AppleLocalVoiceService.swift (in target 'Maeuse' from project 'Maeuse')

SwiftCompile normal arm64 Compiling\ AppleExpenseInterpreter.swift,\ RealtimeVoiceService.swift /Users/rafaeltoneto/Documents/TCC/ProjetosExternos/maeuse-ios/Maeuse/Services/AppleExpenseInterpreter.swift /Users/rafaeltoneto/Documents/TCC/ProjetosExternos/maeuse-ios/Maeuse/Services/RealtimeVoiceService.swift (in target 'Maeuse' from project 'Maeuse')

SwiftCompile normal arm64 /Users/rafaeltoneto/Documents/TCC/ProjetosExternos/maeuse-ios/Maeuse/Services/AppleExpenseInterpreter.swift (in target 'Maeuse' from project 'Maeuse')
    cd /Users/rafaeltoneto/Documents/TCC/ProjetosExternos/maeuse-ios
    builtin-SwiftPerFileCompile AppleExpenseInterpreter.swift

SwiftCompile normal arm64 /Users/rafaeltoneto/Documents/TCC/ProjetosExternos/maeuse-ios/Maeuse/Services/RealtimeVoiceService.swift (in target 'Maeuse' from project 'Maeuse')
    cd /Users/rafaeltoneto/Documents/TCC/ProjetosExternos/maeuse-ios
    builtin-SwiftPerFileCompile RealtimeVoiceService.swift

SwiftCompile normal arm64 Compiling\ AddExpenseIntent.swift,\ GeneratedAssetSymbols.swift /Users/rafaeltoneto/Documents/TCC/ProjetosExternos/maeuse-ios/Maeuse/AppIntents/AddExpenseIntent.swift /Users/rafaeltoneto/Documents/TCC/AvaliacaoBuild/maeuse-ios/Build/Intermediates.noindex/Maeuse.build/Debug-iphonesimulator/Maeuse.build/DerivedSources/GeneratedAssetSymbols.swift (in target 'Maeuse' from project 'Maeuse')

SwiftCompile normal arm64 /Users/rafaeltoneto/Documents/TCC/ProjetosExternos/maeuse-ios/Maeuse/AppIntents/AddExpenseIntent.swift (in target 'Maeuse' from project 'Maeuse')
    cd /Users/rafaeltoneto/Documents/TCC/ProjetosExternos/maeuse-ios
    builtin-SwiftPerFileCompile AddExpenseIntent.swift

SwiftCompile normal arm64 /Users/rafaeltoneto/Documents/TCC/AvaliacaoBuild/maeuse-ios/Build/Intermediates.noindex/Maeuse.build/Debug-iphonesimulator/Maeuse.build/DerivedSources/GeneratedAssetSymbols.swift (in target 'Maeuse' from project 'Maeuse')
    cd /Users/rafaeltoneto/Documents/TCC/ProjetosExternos/maeuse-ios
    builtin-SwiftPerFileCompile GeneratedAssetSymbols.swift

SwiftDriverJobDiscovery normal x86_64 Compiling SettingsViewModel.swift, MainExpenseView.swift, ExpenseEditorSheet.swift (in target 'Maeuse' from project 'Maeuse')

SwiftCompile normal arm64 Compiling\ VoiceSheet.swift,\ SettingsSheet.swift,\ OnboardingView.swift /Users/rafaeltoneto/Documents/TCC/ProjetosExternos/maeuse-ios/Maeuse/Views/VoiceSheet.swift /Users/rafaeltoneto/Documents/TCC/ProjetosExternos/maeuse-ios/Maeuse/Views/SettingsSheet.swift /Users/rafaeltoneto/Documents/TCC/ProjetosExternos/maeuse-ios/Maeuse/Views/OnboardingView.swift (in target 'Maeuse' from project 'Maeuse')

SwiftCompile normal arm64 /Users/rafaeltoneto/Documents/TCC/ProjetosExternos/maeuse-ios/Maeuse/Views/VoiceSheet.swift (in target 'Maeuse' from project 'Maeuse')
    cd /Users/rafaeltoneto/Documents/TCC/ProjetosExternos/maeuse-ios
    builtin-SwiftPerFileCompile VoiceSheet.swift

SwiftCompile normal arm64 /Users/rafaeltoneto/Documents/TCC/ProjetosExternos/maeuse-ios/Maeuse/Views/SettingsSheet.swift (in target 'Maeuse' from project 'Maeuse')
    cd /Users/rafaeltoneto/Documents/TCC/ProjetosExternos/maeuse-ios
    builtin-SwiftPerFileCompile SettingsSheet.swift

SwiftCompile normal arm64 /Users/rafaeltoneto/Documents/TCC/ProjetosExternos/maeuse-ios/Maeuse/Views/OnboardingView.swift (in target 'Maeuse' from project 'Maeuse')
    cd /Users/rafaeltoneto/Documents/TCC/ProjetosExternos/maeuse-ios
    builtin-SwiftPerFileCompile OnboardingView.swift

SwiftDriverJobDiscovery normal arm64 Compiling AddExpenseIntent.swift, GeneratedAssetSymbols.swift (in target 'Maeuse' from project 'Maeuse')

SwiftDriverJobDiscovery normal arm64 Compiling LanguageManager.swift, MaeuseApp.swift, ContentView.swift (in target 'Maeuse' from project 'Maeuse')

ScanDependencies /Users/rafaeltoneto/Documents/TCC/AvaliacaoBuild/maeuse-ios/Build/Intermediates.noindex/Maeuse.build/Debug-iphonesimulator/Maeuse.build/Objects-normal/x86_64/Maeuse_vers.o /Users/rafaeltoneto/Documents/TCC/AvaliacaoBuild/maeuse-ios/Build/Intermediates.noindex/Maeuse.build/Debug-iphonesimulator/Maeuse.build/DerivedSources/Maeuse_vers.c normal x86_64 c com.apple.compilers.llvm.clang.1_0.compiler (in target 'Maeuse' from project 'Maeuse')
    cd /Users/rafaeltoneto/Documents/TCC/ProjetosExternos/maeuse-ios
    
    Using response file: /Users/rafaeltoneto/Documents/TCC/AvaliacaoBuild/maeuse-ios/Build/Intermediates.noindex/Maeuse.build/Debug-iphonesimulator/Maeuse.build/Objects-normal/x86_64/7187679823f38a2a940e0043cdf9d637-common-args.resp
    
    builtin-ScanDependencies -o /Users/rafaeltoneto/Documents/TCC/AvaliacaoBuild/maeuse-ios/Build/Intermediates.noindex/Maeuse.build/Debug-iphonesimulator/Maeuse.build/Objects-normal/x86_64/Maeuse_vers.o.scan -- /Applications/Xcode.app/Contents/Developer/Toolchains/XcodeDefault.xctoolchain/usr/bin/clang -x c -ivfsstatcache /Users/rafaeltoneto/Documents/TCC/AvaliacaoBuild/maeuse-ios/SDKStatCaches.noindex/iphonesimulator27.0-24A430-8dc58220667be655e1bcc261a7455254.sdkstatcache -target x86_64-apple-ios17.0-simulator -fmessage-length\=0 -fdiagnostics-show-note-include-stack -fmacro-backtrace-limit\=0 -fno-color-diagnostics -fmodules-prune-interval\=86400 -fmodules-prune-after\=345600 -fbuild-session-file\=/Users/rafaeltoneto/Documents/TCC/AvaliacaoBuild/maeuse-ios/ModuleCache.noindex/Session.modulevalidation -fmodules-validate-once-per-build-session -Wnon-modular-include-in-framework-module -Werror\=non-modular-include-in-framework-module -Wno-trigraphs -Wno-missing-field-initializers -Wno-missing-prototypes -Werror\=return-type -Wdocumentation -Wunreachable-code -Wquoted-include-in-framework-header -Werror\=deprecated-objc-isa-usage -Werror\=objc-root-class -Wno-missing-braces -Wparentheses -Wswitch -Wunused-function -Wno-unused-label -Wno-unused-parameter -Wunused-variable -Wunused-value -Wempty-body -Wuninitialized -Wconditional-uninitialized -Wno-unknown-pragmas -Wno-shadow -Wno-four-char-constants -Wno-conversion -Wconstant-conversion -Wint-conversion -Wbool-conversion -Wenum-conversion -Wno-float-conversion -Wnon-literal-null-conversion -Wobjc-literal-conversion -Wshorten-64-to-32 -Wpointer-sign -Wno-newline-eof -Wno-implicit-fallthrough -isysroot /Applications/Xcode.app/Contents/Developer/Platforms/iPhoneSimulator.platform/Developer/SDKs/iPhoneSimulator27.0.sdk -fstrict-aliasing -Wdeprecated-declarations -Wno-sign-conversion -Winfinite-recursion -Wcomma -Wblock-capture-autoreleasing -Wstrict-prototypes -Wno-semicolon-before-method-body -Wunguarded-availability -index-store-path /Users/rafaeltoneto/Documents/TCC/AvaliacaoBuild/maeuse-ios/Index.noindex/DataStore @/Users/rafaeltoneto/Documents/TCC/AvaliacaoBuild/maeuse-ios/Build/Intermediates.noindex/Maeuse.build/Debug-iphonesimulator/Maeuse.build/Objects-normal/x86_64/7187679823f38a2a940e0043cdf9d637-common-args.resp -MMD -MT dependencies -MF /Users/rafaeltoneto/Documents/TCC/AvaliacaoBuild/maeuse-ios/Build/Intermediates.noindex/Maeuse.build/Debug-iphonesimulator/Maeuse.build/Objects-normal/x86_64/Maeuse_vers.d --serialize-diagnostics /Users/rafaeltoneto/Documents/TCC/AvaliacaoBuild/maeuse-ios/Build/Intermediates.noindex/Maeuse.build/Debug-iphonesimulator/Maeuse.build/Objects-normal/x86_64/Maeuse_vers.dia -c /Users/rafaeltoneto/Documents/TCC/AvaliacaoBuild/maeuse-ios/Build/Intermediates.noindex/Maeuse.build/Debug-iphonesimulator/Maeuse.build/DerivedSources/Maeuse_vers.c -o /Users/rafaeltoneto/Documents/TCC/AvaliacaoBuild/maeuse-ios/Build/Intermediates.noindex/Maeuse.build/Debug-iphonesimulator/Maeuse.build/Objects-normal/x86_64/Maeuse_vers.o -index-unit-output-path /Maeuse.build/Debug-iphonesimulator/Maeuse.build/Objects-normal/x86_64/Maeuse_vers.o

ScanDependencies /Users/rafaeltoneto/Documents/TCC/AvaliacaoBuild/maeuse-ios/Build/Intermediates.noindex/Maeuse.build/Debug-iphonesimulator/Maeuse.build/Objects-normal/arm64/Maeuse_vers.o /Users/rafaeltoneto/Documents/TCC/AvaliacaoBuild/maeuse-ios/Build/Intermediates.noindex/Maeuse.build/Debug-iphonesimulator/Maeuse.build/DerivedSources/Maeuse_vers.c normal arm64 c com.apple.compilers.llvm.clang.1_0.compiler (in target 'Maeuse' from project 'Maeuse')
    cd /Users/rafaeltoneto/Documents/TCC/ProjetosExternos/maeuse-ios
    
    Using response file: /Users/rafaeltoneto/Documents/TCC/AvaliacaoBuild/maeuse-ios/Build/Intermediates.noindex/Maeuse.build/Debug-iphonesimulator/Maeuse.build/Objects-normal/arm64/7187679823f38a2a940e0043cdf9d637-common-args.resp
    
    builtin-ScanDependencies -o /Users/rafaeltoneto/Documents/TCC/AvaliacaoBuild/maeuse-ios/Build/Intermediates.noindex/Maeuse.build/Debug-iphonesimulator/Maeuse.build/Objects-normal/arm64/Maeuse_vers.o.scan -- /Applications/Xcode.app/Contents/Developer/Toolchains/XcodeDefault.xctoolchain/usr/bin/clang -x c -ivfsstatcache /Users/rafaeltoneto/Documents/TCC/AvaliacaoBuild/maeuse-ios/SDKStatCaches.noindex/iphonesimulator27.0-24A430-8dc58220667be655e1bcc261a7455254.sdkstatcache -target arm64-apple-ios17.0-simulator -fmessage-length\=0 -fdiagnostics-show-note-include-stack -fmacro-backtrace-limit\=0 -fno-color-diagnostics -fmodules-prune-interval\=86400 -fmodules-prune-after\=345600 -fbuild-session-file\=/Users/rafaeltoneto/Documents/TCC/AvaliacaoBuild/maeuse-ios/ModuleCache.noindex/Session.modulevalidation -fmodules-validate-once-per-build-session -Wnon-modular-include-in-framework-module -Werror\=non-modular-include-in-framework-module -Wno-trigraphs -Wno-missing-field-initializers -Wno-missing-prototypes -Werror\=return-type -Wdocumentation -Wunreachable-code -Wquoted-include-in-framework-header -Werror\=deprecated-objc-isa-usage -Werror\=objc-root-class -Wno-missing-braces -Wparentheses -Wswitch -Wunused-function -Wno-unused-label -Wno-unused-parameter -Wunused-variable -Wunused-value -Wempty-body -Wuninitialized -Wconditional-uninitialized -Wno-unknown-pragmas -Wno-shadow -Wno-four-char-constants -Wno-conversion -Wconstant-conversion -Wint-conversion -Wbool-conversion -Wenum-conversion -Wno-float-conversion -Wnon-literal-null-conversion -Wobjc-literal-conversion -Wshorten-64-to-32 -Wpointer-sign -Wno-newline-eof -Wno-implicit-fallthrough -isysroot /Applications/Xcode.app/Contents/Developer/Platforms/iPhoneSimulator.platform/Developer/SDKs/iPhoneSimulator27.0.sdk -fstrict-aliasing -Wdeprecated-declarations -Wno-sign-conversion -Winfinite-recursion -Wcomma -Wblock-capture-autoreleasing -Wstrict-prototypes -Wno-semicolon-before-method-body -Wunguarded-availability -index-store-path /Users/rafaeltoneto/Documents/TCC/AvaliacaoBuild/maeuse-ios/Index.noindex/DataStore @/Users/rafaeltoneto/Documents/TCC/AvaliacaoBuild/maeuse-ios/Build/Intermediates.noindex/Maeuse.build/Debug-iphonesimulator/Maeuse.build/Objects-normal/arm64/7187679823f38a2a940e0043cdf9d637-common-args.resp -MMD -MT dependencies -MF /Users/rafaeltoneto/Documents/TCC/AvaliacaoBuild/maeuse-ios/Build/Intermediates.noindex/Maeuse.build/Debug-iphonesimulator/Maeuse.build/Objects-normal/arm64/Maeuse_vers.d --serialize-diagnostics /Users/rafaeltoneto/Documents/TCC/AvaliacaoBuild/maeuse-ios/Build/Intermediates.noindex/Maeuse.build/Debug-iphonesimulator/Maeuse.build/Objects-normal/arm64/Maeuse_vers.dia -c /Users/rafaeltoneto/Documents/TCC/AvaliacaoBuild/maeuse-ios/Build/Intermediates.noindex/Maeuse.build/Debug-iphonesimulator/Maeuse.build/DerivedSources/Maeuse_vers.c -o /Users/rafaeltoneto/Documents/TCC/AvaliacaoBuild/maeuse-ios/Build/Intermediates.noindex/Maeuse.build/Debug-iphonesimulator/Maeuse.build/Objects-normal/arm64/Maeuse_vers.o -index-unit-output-path /Maeuse.build/Debug-iphonesimulator/Maeuse.build/Objects-normal/arm64/Maeuse_vers.o

CompileC /Users/rafaeltoneto/Documents/TCC/AvaliacaoBuild/maeuse-ios/Build/Intermediates.noindex/Maeuse.build/Debug-iphonesimulator/Maeuse.build/Objects-normal/x86_64/Maeuse_vers.o /Users/rafaeltoneto/Documents/TCC/AvaliacaoBuild/maeuse-ios/Build/Intermediates.noindex/Maeuse.build/Debug-iphonesimulator/Maeuse.build/DerivedSources/Maeuse_vers.c normal x86_64 c com.apple.compilers.llvm.clang.1_0.compiler (in target 'Maeuse' from project 'Maeuse')
    cd /Users/rafaeltoneto/Documents/TCC/ProjetosExternos/maeuse-ios
    
    Using response file: /Users/rafaeltoneto/Documents/TCC/AvaliacaoBuild/maeuse-ios/Build/Intermediates.noindex/Maeuse.build/Debug-iphonesimulator/Maeuse.build/Objects-normal/x86_64/7187679823f38a2a940e0043cdf9d637-common-args.resp
    
    /Applications/Xcode.app/Contents/Developer/Toolchains/XcodeDefault.xctoolchain/usr/bin/clang -x c -ivfsstatcache /Users/rafaeltoneto/Documents/TCC/AvaliacaoBuild/maeuse-ios/SDKStatCaches.noindex/iphonesimulator27.0-24A430-8dc58220667be655e1bcc261a7455254.sdkstatcache -target x86_64-apple-ios17.0-simulator -fmessage-length\=0 -fdiagnostics-show-note-include-stack -fmacro-backtrace-limit\=0 -fno-color-diagnostics -fmodules-prune-interval\=86400 -fmodules-prune-after\=345600 -fbuild-session-file\=/Users/rafaeltoneto/Documents/TCC/AvaliacaoBuild/maeuse-ios/ModuleCache.noindex/Session.modulevalidation -fmodules-validate-once-per-build-session -Wnon-modular-include-in-framework-module -Werror\=non-modular-include-in-framework-module -Wno-trigraphs -Wno-missing-field-initializers -Wno-missing-prototypes -Werror\=return-type -Wdocumentation -Wunreachable-code -Wquoted-include-in-framework-header -Werror\=deprecated-objc-isa-usage -Werror\=objc-root-class -Wno-missing-braces -Wparentheses -Wswitch -Wunused-function -Wno-unused-label -Wno-unused-parameter -Wunused-variable -Wunused-value -Wempty-body -Wuninitialized -Wconditional-uninitialized -Wno-unknown-pragmas -Wno-shadow -Wno-four-char-constants -Wno-conversion -Wconstant-conversion -Wint-conversion -Wbool-conversion -Wenum-conversion -Wno-float-conversion -Wnon-literal-null-conversion -Wobjc-literal-conversion -Wshorten-64-to-32 -Wpointer-sign -Wno-newline-eof -Wno-implicit-fallthrough -isysroot /Applications/Xcode.app/Contents/Developer/Platforms/iPhoneSimulator.platform/Developer/SDKs/iPhoneSimulator27.0.sdk -fstrict-aliasing -Wdeprecated-declarations -Wno-sign-conversion -Winfinite-recursion -Wcomma -Wblock-capture-autoreleasing -Wstrict-prototypes -Wno-semicolon-before-method-body -Wunguarded-availability -index-store-path /Users/rafaeltoneto/Documents/TCC/AvaliacaoBuild/maeuse-ios/Index.noindex/DataStore @/Users/rafaeltoneto/Documents/TCC/AvaliacaoBuild/maeuse-ios/Build/Intermediates.noindex/Maeuse.build/Debug-iphonesimulator/Maeuse.build/Objects-normal/x86_64/7187679823f38a2a940e0043cdf9d637-common-args.resp -MMD -MT dependencies -MF /Users/rafaeltoneto/Documents/TCC/AvaliacaoBuild/maeuse-ios/Build/Intermediates.noindex/Maeuse.build/Debug-iphonesimulator/Maeuse.build/Objects-normal/x86_64/Maeuse_vers.d --serialize-diagnostics /Users/rafaeltoneto/Documents/TCC/AvaliacaoBuild/maeuse-ios/Build/Intermediates.noindex/Maeuse.build/Debug-iphonesimulator/Maeuse.build/Objects-normal/x86_64/Maeuse_vers.dia -c /Users/rafaeltoneto/Documents/TCC/AvaliacaoBuild/maeuse-ios/Build/Intermediates.noindex/Maeuse.build/Debug-iphonesimulator/Maeuse.build/DerivedSources/Maeuse_vers.c -o /Users/rafaeltoneto/Documents/TCC/AvaliacaoBuild/maeuse-ios/Build/Intermediates.noindex/Maeuse.build/Debug-iphonesimulator/Maeuse.build/Objects-normal/x86_64/Maeuse_vers.o -index-unit-output-path /Maeuse.build/Debug-iphonesimulator/Maeuse.build/Objects-normal/x86_64/Maeuse_vers.o

CompileC /Users/rafaeltoneto/Documents/TCC/AvaliacaoBuild/maeuse-ios/Build/Intermediates.noindex/Maeuse.build/Debug-iphonesimulator/Maeuse.build/Objects-normal/arm64/Maeuse_vers.o /Users/rafaeltoneto/Documents/TCC/AvaliacaoBuild/maeuse-ios/Build/Intermediates.noindex/Maeuse.build/Debug-iphonesimulator/Maeuse.build/DerivedSources/Maeuse_vers.c normal arm64 c com.apple.compilers.llvm.clang.1_0.compiler (in target 'Maeuse' from project 'Maeuse')
    cd /Users/rafaeltoneto/Documents/TCC/ProjetosExternos/maeuse-ios
    
    Using response file: /Users/rafaeltoneto/Documents/TCC/AvaliacaoBuild/maeuse-ios/Build/Intermediates.noindex/Maeuse.build/Debug-iphonesimulator/Maeuse.build/Objects-normal/arm64/7187679823f38a2a940e0043cdf9d637-common-args.resp
    
    /Applications/Xcode.app/Contents/Developer/Toolchains/XcodeDefault.xctoolchain/usr/bin/clang -x c -ivfsstatcache /Users/rafaeltoneto/Documents/TCC/AvaliacaoBuild/maeuse-ios/SDKStatCaches.noindex/iphonesimulator27.0-24A430-8dc58220667be655e1bcc261a7455254.sdkstatcache -target arm64-apple-ios17.0-simulator -fmessage-length\=0 -fdiagnostics-show-note-include-stack -fmacro-backtrace-limit\=0 -fno-color-diagnostics -fmodules-prune-interval\=86400 -fmodules-prune-after\=345600 -fbuild-session-file\=/Users/rafaeltoneto/Documents/TCC/AvaliacaoBuild/maeuse-ios/ModuleCache.noindex/Session.modulevalidation -fmodules-validate-once-per-build-session -Wnon-modular-include-in-framework-module -Werror\=non-modular-include-in-framework-module -Wno-trigraphs -Wno-missing-field-initializers -Wno-missing-prototypes -Werror\=return-type -Wdocumentation -Wunreachable-code -Wquoted-include-in-framework-header -Werror\=deprecated-objc-isa-usage -Werror\=objc-root-class -Wno-missing-braces -Wparentheses -Wswitch -Wunused-function -Wno-unused-label -Wno-unused-parameter -Wunused-variable -Wunused-value -Wempty-body -Wuninitialized -Wconditional-uninitialized -Wno-unknown-pragmas -Wno-shadow -Wno-four-char-constants -Wno-conversion -Wconstant-conversion -Wint-conversion -Wbool-conversion -Wenum-conversion -Wno-float-conversion -Wnon-literal-null-conversion -Wobjc-literal-conversion -Wshorten-64-to-32 -Wpointer-sign -Wno-newline-eof -Wno-implicit-fallthrough -isysroot /Applications/Xcode.app/Contents/Developer/Platforms/iPhoneSimulator.platform/Developer/SDKs/iPhoneSimulator27.0.sdk -fstrict-aliasing -Wdeprecated-declarations -Wno-sign-conversion -Winfinite-recursion -Wcomma -Wblock-capture-autoreleasing -Wstrict-prototypes -Wno-semicolon-before-method-body -Wunguarded-availability -index-store-path /Users/rafaeltoneto/Documents/TCC/AvaliacaoBuild/maeuse-ios/Index.noindex/DataStore @/Users/rafaeltoneto/Documents/TCC/AvaliacaoBuild/maeuse-ios/Build/Intermediates.noindex/Maeuse.build/Debug-iphonesimulator/Maeuse.build/Objects-normal/arm64/7187679823f38a2a940e0043cdf9d637-common-args.resp -MMD -MT dependencies -MF /Users/rafaeltoneto/Documents/TCC/AvaliacaoBuild/maeuse-ios/Build/Intermediates.noindex/Maeuse.build/Debug-iphonesimulator/Maeuse.build/Objects-normal/arm64/Maeuse_vers.d --serialize-diagnostics /Users/rafaeltoneto/Documents/TCC/AvaliacaoBuild/maeuse-ios/Build/Intermediates.noindex/Maeuse.build/Debug-iphonesimulator/Maeuse.build/Objects-normal/arm64/Maeuse_vers.dia -c /Users/rafaeltoneto/Documents/TCC/AvaliacaoBuild/maeuse-ios/Build/Intermediates.noindex/Maeuse.build/Debug-iphonesimulator/Maeuse.build/DerivedSources/Maeuse_vers.c -o /Users/rafaeltoneto/Documents/TCC/AvaliacaoBuild/maeuse-ios/Build/Intermediates.noindex/Maeuse.build/Debug-iphonesimulator/Maeuse.build/Objects-normal/arm64/Maeuse_vers.o -index-unit-output-path /Maeuse.build/Debug-iphonesimulator/Maeuse.build/Objects-normal/arm64/Maeuse_vers.o

SwiftDriverJobDiscovery normal arm64 Compiling ExpenseRow.swift, OpenAIRealtimeClientSecretService.swift, RealtimeEventParser.swift (in target 'Maeuse' from project 'Maeuse')

SwiftDriverJobDiscovery normal x86_64 Compiling ExpenseListViewModel.swift, ExpenseEditorViewModel.swift, VoiceModeViewModel.swift (in target 'Maeuse' from project 'Maeuse')

SwiftDriverJobDiscovery normal x86_64 Compiling AppleExpenseInterpreter.swift, RealtimeVoiceService.swift (in target 'Maeuse' from project 'Maeuse')

SwiftDriverJobDiscovery normal arm64 Compiling Expense.swift, VoiceWorkspace.swift, LiquidGlass.swift (in target 'Maeuse' from project 'Maeuse')

SwiftDriverJobDiscovery normal arm64 Compiling SettingsViewModel.swift, MainExpenseView.swift, ExpenseEditorSheet.swift (in target 'Maeuse' from project 'Maeuse')

SwiftDriverJobDiscovery normal arm64 Compiling ExpenseListViewModel.swift, ExpenseEditorViewModel.swift, VoiceModeViewModel.swift (in target 'Maeuse' from project 'Maeuse')

SwiftDriverJobDiscovery normal x86_64 Compiling VoiceSheet.swift, SettingsSheet.swift, OnboardingView.swift (in target 'Maeuse' from project 'Maeuse')

SwiftDriver\ Compilation Maeuse normal x86_64 com.apple.xcode.tools.swift.compiler (in target 'Maeuse' from project 'Maeuse')
    cd /Users/rafaeltoneto/Documents/TCC/ProjetosExternos/maeuse-ios
    builtin-Swift-Compilation -- /Applications/Xcode.app/Contents/Developer/Toolchains/XcodeDefault.xctoolchain/usr/bin/swiftc -module-name Maeuse -O @/Users/rafaeltoneto/Documents/TCC/AvaliacaoBuild/maeuse-ios/Build/Intermediates.noindex/Maeuse.build/Debug-iphonesimulator/Maeuse.build/Objects-normal/x86_64/Maeuse.SwiftFileList -enable-upcoming-feature StrictConcurrency -enable-bare-slash-regex -enable-experimental-feature DebugDescriptionMacro -sdk /Applications/Xcode.app/Contents/Developer/Platforms/iPhoneSimulator.platform/Developer/SDKs/iPhoneSimulator27.0.sdk -target x86_64-apple-ios17.0-simulator -g -module-cache-path /Users/rafaeltoneto/Documents/TCC/AvaliacaoBuild/maeuse-ios/ModuleCache.noindex -Xfrontend -serialize-debugging-options -profile-coverage-mapping -profile-generate -enable-testing -Xcc -D_LIBCPP_HARDENING_MODE\=_LIBCPP_HARDENING_MODE_DEBUG -swift-version 5 -I /Users/rafaeltoneto/Documents/TCC/AvaliacaoBuild/maeuse-ios/Build/Products/Debug-iphonesimulator -F /Users/rafaeltoneto/Documents/TCC/AvaliacaoBuild/maeuse-ios/Build/Products/Debug-iphonesimulator -emit-localized-strings -emit-localized-strings-path /Users/rafaeltoneto/Documents/TCC/AvaliacaoBuild/maeuse-ios/Build/Intermediates.noindex/Maeuse.build/Debug-iphonesimulator/Maeuse.build/Objects-normal/x86_64 -c -j10 -enable-batch-mode -incremental -Xcc -ivfsstatcache -Xcc /Users/rafaeltoneto/Documents/TCC/AvaliacaoBuild/maeuse-ios/SDKStatCaches.noindex/iphonesimulator27.0-24A430-8dc58220667be655e1bcc261a7455254.sdkstatcache -output-file-map /Users/rafaeltoneto/Documents/TCC/AvaliacaoBuild/maeuse-ios/Build/Intermediates.noindex/Maeuse.build/Debug-iphonesimulator/Maeuse.build/Objects-normal/x86_64/Maeuse-OutputFileMap.json -save-temps -no-color-diagnostics -explicit-module-build -module-cache-path /Users/rafaeltoneto/Documents/TCC/AvaliacaoBuild/maeuse-ios/Build/Intermediates.noindex/SwiftExplicitPrecompiledModules -clang-scanner-module-cache-path /Users/rafaeltoneto/Documents/TCC/AvaliacaoBuild/maeuse-ios/ModuleCache.noindex -sdk-module-cache-path /Users/rafaeltoneto/Documents/TCC/AvaliacaoBuild/maeuse-ios/SDKExplicitPrecompiledModules -emit-dependencies -emit-module -emit-module-path /Users/rafaeltoneto/Documents/TCC/AvaliacaoBuild/maeuse-ios/Build/Intermediates.noindex/Maeuse.build/Debug-iphonesimulator/Maeuse.build/Objects-normal/x86_64/Maeuse.swiftmodule -serialize-diagnostics -dependency-scan-serialize-diagnostics-path /Users/rafaeltoneto/Documents/TCC/AvaliacaoBuild/maeuse-ios/Build/Intermediates.noindex/Maeuse.build/Debug-iphonesimulator/Maeuse.build/Objects-normal/x86_64/Maeuse-dependency-scan.dia -validate-clang-modules-once -clang-build-session-file /Users/rafaeltoneto/Documents/TCC/AvaliacaoBuild/maeuse-ios/ModuleCache.noindex/Session.modulevalidation -Xcc -fmodules-prune-interval\=86400 -Xcc -fmodules-prune-after\=345600 -emit-const-values -const-gather-protocols-list /Users/rafaeltoneto/Documents/TCC/AvaliacaoBuild/maeuse-ios/Build/Intermediates.noindex/Maeuse.build/Debug-iphonesimulator/Maeuse.build/Objects-normal/x86_64/Maeuse_const_extract_protocols.json -Xcc -iquote -Xcc /Users/rafaeltoneto/Documents/TCC/AvaliacaoBuild/maeuse-ios/Build/Intermediates.noindex/Maeuse.build/Debug-iphonesimulator/Maeuse.build/Maeuse-generated-files.hmap -Xcc -I/Users/rafaeltoneto/Documents/TCC/AvaliacaoBuild/maeuse-ios/Build/Intermediates.noindex/Maeuse.build/Debug-iphonesimulator/Maeuse.build/Maeuse-own-target-headers.hmap -Xcc -I/Users/rafaeltoneto/Documents/TCC/AvaliacaoBuild/maeuse-ios/Build/Intermediates.noindex/Maeuse.build/Debug-iphonesimulator/Maeuse.build/Maeuse-all-target-headers.hmap -Xcc -iquote -Xcc /Users/rafaeltoneto/Documents/TCC/AvaliacaoBuild/maeuse-ios/Build/Intermediates.noindex/Maeuse.build/Debug-iphonesimulator/Maeuse.build/Maeuse-project-headers.hmap -Xcc -I/Users/rafaeltoneto/Documents/TCC/AvaliacaoBuild/maeuse-ios/Build/Products/Debug-iphonesimulator/include -Xcc -I/Users/rafaeltoneto/Documents/TCC/AvaliacaoBuild/maeuse-ios/Build/Intermediates.noindex/Maeuse.build/Debug-iphonesimulator/Maeuse.build/DerivedSources-normal/x86_64 -Xcc -I/Users/rafaeltoneto/Documents/TCC/AvaliacaoBuild/maeuse-ios/Build/Intermediates.noindex/Maeuse.build/Debug-iphonesimulator/Maeuse.build/DerivedSources/x86_64 -Xcc -I/Users/rafaeltoneto/Documents/TCC/AvaliacaoBuild/maeuse-ios/Build/Intermediates.noindex/Maeuse.build/Debug-iphonesimulator/Maeuse.build/DerivedSources -Xcc -DDEBUG\=1 -emit-objc-header -emit-objc-header-path /Users/rafaeltoneto/Documents/TCC/AvaliacaoBuild/maeuse-ios/Build/Intermediates.noindex/Maeuse.build/Debug-iphonesimulator/Maeuse.build/Objects-normal/x86_64/Maeuse-Swift.h -working-directory /Users/rafaeltoneto/Documents/TCC/ProjetosExternos/maeuse-ios -experimental-emit-module-separately -disable-cmo

Ld /Users/rafaeltoneto/Documents/TCC/AvaliacaoBuild/maeuse-ios/Build/Intermediates.noindex/Maeuse.build/Debug-iphonesimulator/Maeuse.build/Objects-normal/x86_64/Binary/Maeuse normal x86_64 (in target 'Maeuse' from project 'Maeuse')
    cd /Users/rafaeltoneto/Documents/TCC/ProjetosExternos/maeuse-ios
    /Applications/Xcode.app/Contents/Developer/Toolchains/XcodeDefault.xctoolchain/usr/bin/clang -Xlinker -reproducible -target x86_64-apple-ios17.0-simulator -isysroot /Applications/Xcode.app/Contents/Developer/Platforms/iPhoneSimulator.platform/Developer/SDKs/iPhoneSimulator27.0.sdk -O0 -Xlinker -no_warn_duplicate_libraries -L/Users/rafaeltoneto/Documents/TCC/AvaliacaoBuild/maeuse-ios/Build/Intermediates.noindex/EagerLinkingTBDs/Debug-iphonesimulator -L/Users/rafaeltoneto/Documents/TCC/AvaliacaoBuild/maeuse-ios/Build/Products/Debug-iphonesimulator -F/Users/rafaeltoneto/Documents/TCC/AvaliacaoBuild/maeuse-ios/Build/Intermediates.noindex/EagerLinkingTBDs/Debug-iphonesimulator -F/Users/rafaeltoneto/Documents/TCC/AvaliacaoBuild/maeuse-ios/Build/Products/Debug-iphonesimulator -filelist /Users/rafaeltoneto/Documents/TCC/AvaliacaoBuild/maeuse-ios/Build/Intermediates.noindex/Maeuse.build/Debug-iphonesimulator/Maeuse.build/Objects-normal/x86_64/Maeuse.LinkFileList -Xlinker -rpath -Xlinker /usr/lib/swift -Xlinker -rpath -Xlinker @executable_path/Frameworks -Xlinker -dead_strip -Xlinker -object_path_lto -Xlinker /Users/rafaeltoneto/Documents/TCC/AvaliacaoBuild/maeuse-ios/Build/Intermediates.noindex/Maeuse.build/Debug-iphonesimulator/Maeuse.build/Objects-normal/x86_64/Maeuse_lto.o -rdynamic -Xlinker -no_deduplicate -Xlinker -objc_abi_version -Xlinker 2 -Xlinker -debug_variant -Xlinker -dependency_info -Xlinker /Users/rafaeltoneto/Documents/TCC/AvaliacaoBuild/maeuse-ios/Build/Intermediates.noindex/Maeuse.build/Debug-iphonesimulator/Maeuse.build/Objects-normal/x86_64/Maeuse_dependency_info.dat -fprofile-instr-generate -fobjc-link-runtime -L/Applications/Xcode.app/Contents/Developer/Toolchains/XcodeDefault.xctoolchain/usr/lib/swift/iphonesimulator -L/usr/lib/swift -Xlinker -add_ast_path -Xlinker /Users/rafaeltoneto/Documents/TCC/AvaliacaoBuild/maeuse-ios/Build/Intermediates.noindex/Maeuse.build/Debug-iphonesimulator/Maeuse.build/Objects-normal/x86_64/Maeuse.swiftmodule -o /Users/rafaeltoneto/Documents/TCC/AvaliacaoBuild/maeuse-ios/Build/Intermediates.noindex/Maeuse.build/Debug-iphonesimulator/Maeuse.build/Objects-normal/x86_64/Binary/Maeuse

SwiftDriverJobDiscovery normal arm64 Compiling AppleExpenseInterpreter.swift, RealtimeVoiceService.swift (in target 'Maeuse' from project 'Maeuse')

SwiftDriverJobDiscovery normal arm64 Compiling VoiceSheet.swift, SettingsSheet.swift, OnboardingView.swift (in target 'Maeuse' from project 'Maeuse')

SwiftDriver\ Compilation Maeuse normal arm64 com.apple.xcode.tools.swift.compiler (in target 'Maeuse' from project 'Maeuse')
    cd /Users/rafaeltoneto/Documents/TCC/ProjetosExternos/maeuse-ios
    builtin-Swift-Compilation -- /Applications/Xcode.app/Contents/Developer/Toolchains/XcodeDefault.xctoolchain/usr/bin/swiftc -module-name Maeuse -O @/Users/rafaeltoneto/Documents/TCC/AvaliacaoBuild/maeuse-ios/Build/Intermediates.noindex/Maeuse.build/Debug-iphonesimulator/Maeuse.build/Objects-normal/arm64/Maeuse.SwiftFileList -enable-upcoming-feature StrictConcurrency -enable-bare-slash-regex -enable-experimental-feature DebugDescriptionMacro -sdk /Applications/Xcode.app/Contents/Developer/Platforms/iPhoneSimulator.platform/Developer/SDKs/iPhoneSimulator27.0.sdk -target arm64-apple-ios17.0-simulator -g -module-cache-path /Users/rafaeltoneto/Documents/TCC/AvaliacaoBuild/maeuse-ios/ModuleCache.noindex -Xfrontend -serialize-debugging-options -profile-coverage-mapping -profile-generate -enable-testing -Xcc -D_LIBCPP_HARDENING_MODE\=_LIBCPP_HARDENING_MODE_DEBUG -swift-version 5 -I /Users/rafaeltoneto/Documents/TCC/AvaliacaoBuild/maeuse-ios/Build/Products/Debug-iphonesimulator -F /Users/rafaeltoneto/Documents/TCC/AvaliacaoBuild/maeuse-ios/Build/Products/Debug-iphonesimulator -emit-localized-strings -emit-localized-strings-path /Users/rafaeltoneto/Documents/TCC/AvaliacaoBuild/maeuse-ios/Build/Intermediates.noindex/Maeuse.build/Debug-iphonesimulator/Maeuse.build/Objects-normal/arm64 -c -j10 -enable-batch-mode -incremental -Xcc -ivfsstatcache -Xcc /Users/rafaeltoneto/Documents/TCC/AvaliacaoBuild/maeuse-ios/SDKStatCaches.noindex/iphonesimulator27.0-24A430-8dc58220667be655e1bcc261a7455254.sdkstatcache -output-file-map /Users/rafaeltoneto/Documents/TCC/AvaliacaoBuild/maeuse-ios/Build/Intermediates.noindex/Maeuse.build/Debug-iphonesimulator/Maeuse.build/Objects-normal/arm64/Maeuse-OutputFileMap.json -save-temps -no-color-diagnostics -explicit-module-build -module-cache-path /Users/rafaeltoneto/Documents/TCC/AvaliacaoBuild/maeuse-ios/Build/Intermediates.noindex/SwiftExplicitPrecompiledModules -clang-scanner-module-cache-path /Users/rafaeltoneto/Documents/TCC/AvaliacaoBuild/maeuse-ios/ModuleCache.noindex -sdk-module-cache-path /Users/rafaeltoneto/Documents/TCC/AvaliacaoBuild/maeuse-ios/SDKExplicitPrecompiledModules -emit-dependencies -emit-module -emit-module-path /Users/rafaeltoneto/Documents/TCC/AvaliacaoBuild/maeuse-ios/Build/Intermediates.noindex/Maeuse.build/Debug-iphonesimulator/Maeuse.build/Objects-normal/arm64/Maeuse.swiftmodule -serialize-diagnostics -dependency-scan-serialize-diagnostics-path /Users/rafaeltoneto/Documents/TCC/AvaliacaoBuild/maeuse-ios/Build/Intermediates.noindex/Maeuse.build/Debug-iphonesimulator/Maeuse.build/Objects-normal/arm64/Maeuse-dependency-scan.dia -validate-clang-modules-once -clang-build-session-file /Users/rafaeltoneto/Documents/TCC/AvaliacaoBuild/maeuse-ios/ModuleCache.noindex/Session.modulevalidation -Xcc -fmodules-prune-interval\=86400 -Xcc -fmodules-prune-after\=345600 -emit-const-values -const-gather-protocols-list /Users/rafaeltoneto/Documents/TCC/AvaliacaoBuild/maeuse-ios/Build/Intermediates.noindex/Maeuse.build/Debug-iphonesimulator/Maeuse.build/Objects-normal/arm64/Maeuse_const_extract_protocols.json -Xcc -iquote -Xcc /Users/rafaeltoneto/Documents/TCC/AvaliacaoBuild/maeuse-ios/Build/Intermediates.noindex/Maeuse.build/Debug-iphonesimulator/Maeuse.build/Maeuse-generated-files.hmap -Xcc -I/Users/rafaeltoneto/Documents/TCC/AvaliacaoBuild/maeuse-ios/Build/Intermediates.noindex/Maeuse.build/Debug-iphonesimulator/Maeuse.build/Maeuse-own-target-headers.hmap -Xcc -I/Users/rafaeltoneto/Documents/TCC/AvaliacaoBuild/maeuse-ios/Build/Intermediates.noindex/Maeuse.build/Debug-iphonesimulator/Maeuse.build/Maeuse-all-target-headers.hmap -Xcc -iquote -Xcc /Users/rafaeltoneto/Documents/TCC/AvaliacaoBuild/maeuse-ios/Build/Intermediates.noindex/Maeuse.build/Debug-iphonesimulator/Maeuse.build/Maeuse-project-headers.hmap -Xcc -I/Users/rafaeltoneto/Documents/TCC/AvaliacaoBuild/maeuse-ios/Build/Products/Debug-iphonesimulator/include -Xcc -I/Users/rafaeltoneto/Documents/TCC/AvaliacaoBuild/maeuse-ios/Build/Intermediates.noindex/Maeuse.build/Debug-iphonesimulator/Maeuse.build/DerivedSources-normal/arm64 -Xcc -I/Users/rafaeltoneto/Documents/TCC/AvaliacaoBuild/maeuse-ios/Build/Intermediates.noindex/Maeuse.build/Debug-iphonesimulator/Maeuse.build/DerivedSources/arm64 -Xcc -I/Users/rafaeltoneto/Documents/TCC/AvaliacaoBuild/maeuse-ios/Build/Intermediates.noindex/Maeuse.build/Debug-iphonesimulator/Maeuse.build/DerivedSources -Xcc -DDEBUG\=1 -emit-objc-header -emit-objc-header-path /Users/rafaeltoneto/Documents/TCC/AvaliacaoBuild/maeuse-ios/Build/Intermediates.noindex/Maeuse.build/Debug-iphonesimulator/Maeuse.build/Objects-normal/arm64/Maeuse-Swift.h -working-directory /Users/rafaeltoneto/Documents/TCC/ProjetosExternos/maeuse-ios -experimental-emit-module-separately -disable-cmo

Ld /Users/rafaeltoneto/Documents/TCC/AvaliacaoBuild/maeuse-ios/Build/Intermediates.noindex/Maeuse.build/Debug-iphonesimulator/Maeuse.build/Objects-normal/arm64/Binary/Maeuse normal arm64 (in target 'Maeuse' from project 'Maeuse')
    cd /Users/rafaeltoneto/Documents/TCC/ProjetosExternos/maeuse-ios
    /Applications/Xcode.app/Contents/Developer/Toolchains/XcodeDefault.xctoolchain/usr/bin/clang -Xlinker -reproducible -target arm64-apple-ios17.0-simulator -isysroot /Applications/Xcode.app/Contents/Developer/Platforms/iPhoneSimulator.platform/Developer/SDKs/iPhoneSimulator27.0.sdk -O0 -Xlinker -no_warn_duplicate_libraries -L/Users/rafaeltoneto/Documents/TCC/AvaliacaoBuild/maeuse-ios/Build/Intermediates.noindex/EagerLinkingTBDs/Debug-iphonesimulator -L/Users/rafaeltoneto/Documents/TCC/AvaliacaoBuild/maeuse-ios/Build/Products/Debug-iphonesimulator -F/Users/rafaeltoneto/Documents/TCC/AvaliacaoBuild/maeuse-ios/Build/Intermediates.noindex/EagerLinkingTBDs/Debug-iphonesimulator -F/Users/rafaeltoneto/Documents/TCC/AvaliacaoBuild/maeuse-ios/Build/Products/Debug-iphonesimulator -filelist /Users/rafaeltoneto/Documents/TCC/AvaliacaoBuild/maeuse-ios/Build/Intermediates.noindex/Maeuse.build/Debug-iphonesimulator/Maeuse.build/Objects-normal/arm64/Maeuse.LinkFileList -Xlinker -rpath -Xlinker /usr/lib/swift -Xlinker -rpath -Xlinker @executable_path/Frameworks -Xlinker -dead_strip -Xlinker -object_path_lto -Xlinker /Users/rafaeltoneto/Documents/TCC/AvaliacaoBuild/maeuse-ios/Build/Intermediates.noindex/Maeuse.build/Debug-iphonesimulator/Maeuse.build/Objects-normal/arm64/Maeuse_lto.o -rdynamic -Xlinker -no_deduplicate -Xlinker -objc_abi_version -Xlinker 2 -Xlinker -debug_variant -Xlinker -dependency_info -Xlinker /Users/rafaeltoneto/Documents/TCC/AvaliacaoBuild/maeuse-ios/Build/Intermediates.noindex/Maeuse.build/Debug-iphonesimulator/Maeuse.build/Objects-normal/arm64/Maeuse_dependency_info.dat -fprofile-instr-generate -fobjc-link-runtime -L/Applications/Xcode.app/Contents/Developer/Toolchains/XcodeDefault.xctoolchain/usr/lib/swift/iphonesimulator -L/usr/lib/swift -Xlinker -add_ast_path -Xlinker /Users/rafaeltoneto/Documents/TCC/AvaliacaoBuild/maeuse-ios/Build/Intermediates.noindex/Maeuse.build/Debug-iphonesimulator/Maeuse.build/Objects-normal/arm64/Maeuse.swiftmodule -o /Users/rafaeltoneto/Documents/TCC/AvaliacaoBuild/maeuse-ios/Build/Intermediates.noindex/Maeuse.build/Debug-iphonesimulator/Maeuse.build/Objects-normal/arm64/Binary/Maeuse

CreateUniversalBinary /Users/rafaeltoneto/Documents/TCC/AvaliacaoBuild/maeuse-ios/Build/Products/Debug-iphonesimulator/Maeuse.app/Maeuse normal arm64\ x86_64 (in target 'Maeuse' from project 'Maeuse')
    cd /Users/rafaeltoneto/Documents/TCC/ProjetosExternos/maeuse-ios
    /Applications/Xcode.app/Contents/Developer/Toolchains/XcodeDefault.xctoolchain/usr/bin/lipo -create /Users/rafaeltoneto/Documents/TCC/AvaliacaoBuild/maeuse-ios/Build/Intermediates.noindex/Maeuse.build/Debug-iphonesimulator/Maeuse.build/Objects-normal/arm64/Binary/Maeuse /Users/rafaeltoneto/Documents/TCC/AvaliacaoBuild/maeuse-ios/Build/Intermediates.noindex/Maeuse.build/Debug-iphonesimulator/Maeuse.build/Objects-normal/x86_64/Binary/Maeuse -output /Users/rafaeltoneto/Documents/TCC/AvaliacaoBuild/maeuse-ios/Build/Products/Debug-iphonesimulator/Maeuse.app/Maeuse

Copy /Users/rafaeltoneto/Documents/TCC/AvaliacaoBuild/maeuse-ios/Build/Products/Debug-iphonesimulator/Maeuse.app/PlugIns/MaeuseControls.appex /Users/rafaeltoneto/Documents/TCC/AvaliacaoBuild/maeuse-ios/Build/Products/Debug-iphonesimulator/MaeuseControls.appex (in target 'Maeuse' from project 'Maeuse')
    cd /Users/rafaeltoneto/Documents/TCC/ProjetosExternos/maeuse-ios
    builtin-copy -exclude .DS_Store -exclude CVS -exclude .svn -exclude .git -exclude .hg -exclude Headers -exclude PrivateHeaders -exclude Modules -exclude \*.tbd -resolve-src-symlinks -remove-static-executable /Users/rafaeltoneto/Documents/TCC/AvaliacaoBuild/maeuse-ios/Build/Products/Debug-iphonesimulator/MaeuseControls.appex /Users/rafaeltoneto/Documents/TCC/AvaliacaoBuild/maeuse-ios/Build/Products/Debug-iphonesimulator/Maeuse.app/PlugIns

ProcessInfoPlistFile /Users/rafaeltoneto/Documents/TCC/AvaliacaoBuild/maeuse-ios/Build/Products/Debug-iphonesimulator/Maeuse.app/Info.plist /Users/rafaeltoneto/Documents/TCC/ProjetosExternos/maeuse-ios/Maeuse/Info.plist (in target 'Maeuse' from project 'Maeuse')
    cd /Users/rafaeltoneto/Documents/TCC/ProjetosExternos/maeuse-ios
    builtin-infoPlistUtility /Users/rafaeltoneto/Documents/TCC/ProjetosExternos/maeuse-ios/Maeuse/Info.plist -producttype com.apple.product-type.application -genpkginfo /Users/rafaeltoneto/Documents/TCC/AvaliacaoBuild/maeuse-ios/Build/Products/Debug-iphonesimulator/Maeuse.app/PkgInfo -expandbuildsettings -format binary -platform iphonesimulator -additionalcontentfile /Users/rafaeltoneto/Documents/TCC/AvaliacaoBuild/maeuse-ios/Build/Intermediates.noindex/Maeuse.build/Debug-iphonesimulator/Maeuse.build/assetcatalog_generated_info.plist -scanforprivacyfile /Users/rafaeltoneto/Documents/TCC/AvaliacaoBuild/maeuse-ios/Build/Products/Debug-iphonesimulator/Maeuse.app/PlugIns/MaeuseControls.appex -o /Users/rafaeltoneto/Documents/TCC/AvaliacaoBuild/maeuse-ios/Build/Products/Debug-iphonesimulator/Maeuse.app/Info.plist

CopySwiftLibs /Users/rafaeltoneto/Documents/TCC/AvaliacaoBuild/maeuse-ios/Build/Products/Debug-iphonesimulator/Maeuse.app (in target 'Maeuse' from project 'Maeuse')
    cd /Users/rafaeltoneto/Documents/TCC/ProjetosExternos/maeuse-ios
    builtin-swiftStdLibTool --copy --verbose --scan-executable /Users/rafaeltoneto/Documents/TCC/AvaliacaoBuild/maeuse-ios/Build/Products/Debug-iphonesimulator/Maeuse.app/Maeuse --scan-folder /Users/rafaeltoneto/Documents/TCC/AvaliacaoBuild/maeuse-ios/Build/Products/Debug-iphonesimulator/Maeuse.app/Frameworks --scan-folder /Users/rafaeltoneto/Documents/TCC/AvaliacaoBuild/maeuse-ios/Build/Products/Debug-iphonesimulator/Maeuse.app/PlugIns --scan-folder /Users/rafaeltoneto/Documents/TCC/AvaliacaoBuild/maeuse-ios/Build/Products/Debug-iphonesimulator/Maeuse.app/SystemExtensions --scan-folder /Users/rafaeltoneto/Documents/TCC/AvaliacaoBuild/maeuse-ios/Build/Products/Debug-iphonesimulator/Maeuse.app/Extensions --platform iphonesimulator --toolchain /Applications/Xcode.app/Contents/Developer/Toolchains/XcodeDefault.xctoolchain --destination /Users/rafaeltoneto/Documents/TCC/AvaliacaoBuild/maeuse-ios/Build/Products/Debug-iphonesimulator/Maeuse.app/Frameworks --strip-bitcode --strip-bitcode-tool /Applications/Xcode.app/Contents/Developer/Toolchains/XcodeDefault.xctoolchain/usr/bin/bitcode_strip --emit-dependency-info /Users/rafaeltoneto/Documents/TCC/AvaliacaoBuild/maeuse-ios/Build/Intermediates.noindex/Maeuse.build/Debug-iphonesimulator/Maeuse.build/SwiftStdLibToolInputDependencies.dep --filter-for-swift-os --back-deploy-swift-span
Ignoring --strip-bitcode because --sign was not passed

ExtractAppIntentsMetadata (in target 'Maeuse' from project 'Maeuse')
    cd /Users/rafaeltoneto/Documents/TCC/ProjetosExternos/maeuse-ios
    /Applications/Xcode.app/Contents/Developer/Toolchains/XcodeDefault.xctoolchain/usr/bin/appintentsmetadataprocessor --toolchain-dir /Applications/Xcode.app/Contents/Developer/Toolchains/XcodeDefault.xctoolchain --module-name Maeuse --sdk-root /Applications/Xcode.app/Contents/Developer/Platforms/iPhoneSimulator.platform/Developer/SDKs/iPhoneSimulator27.0.sdk --xcode-version 27A266a --platform-family iOS --deployment-target 17.0 --bundle-identifier com.michaeldiestelberg.maeuse --output /Users/rafaeltoneto/Documents/TCC/AvaliacaoBuild/maeuse-ios/Build/Products/Debug-iphonesimulator/Maeuse.app --target-triple arm64-apple-ios17.0-simulator --target-triple x86_64-apple-ios17.0-simulator --binary-file /Users/rafaeltoneto/Documents/TCC/AvaliacaoBuild/maeuse-ios/Build/Products/Debug-iphonesimulator/Maeuse.app/Maeuse --dependency-file /Users/rafaeltoneto/Documents/TCC/AvaliacaoBuild/maeuse-ios/Build/Intermediates.noindex/Maeuse.build/Debug-iphonesimulator/Maeuse.build/Objects-normal/arm64/Maeuse_dependency_info.dat --dependency-file /Users/rafaeltoneto/Documents/TCC/AvaliacaoBuild/maeuse-ios/Build/Intermediates.noindex/Maeuse.build/Debug-iphonesimulator/Maeuse.build/Objects-normal/x86_64/Maeuse_dependency_info.dat --stringsdata-file /Users/rafaeltoneto/Documents/TCC/AvaliacaoBuild/maeuse-ios/Build/Intermediates.noindex/Maeuse.build/Debug-iphonesimulator/Maeuse.build/Objects-normal/arm64/ExtractedAppShortcutsMetadata.stringsdata --stringsdata-file /Users/rafaeltoneto/Documents/TCC/AvaliacaoBuild/maeuse-ios/Build/Intermediates.noindex/Maeuse.build/Debug-iphonesimulator/Maeuse.build/Objects-normal/x86_64/ExtractedAppShortcutsMetadata.stringsdata --source-file-list /Users/rafaeltoneto/Documents/TCC/AvaliacaoBuild/maeuse-ios/Build/Intermediates.noindex/Maeuse.build/Debug-iphonesimulator/Maeuse.build/Objects-normal/arm64/Maeuse.SwiftFileList --source-file-list /Users/rafaeltoneto/Documents/TCC/AvaliacaoBuild/maeuse-ios/Build/Intermediates.noindex/Maeuse.build/Debug-iphonesimulator/Maeuse.build/Objects-normal/x86_64/Maeuse.SwiftFileList --metadata-file-list /Users/rafaeltoneto/Documents/TCC/AvaliacaoBuild/maeuse-ios/Build/Intermediates.noindex/Maeuse.build/Debug-iphonesimulator/Maeuse.build/Maeuse.DependencyMetadataFileList --static-metadata-file-list /Users/rafaeltoneto/Documents/TCC/AvaliacaoBuild/maeuse-ios/Build/Intermediates.noindex/Maeuse.build/Debug-iphonesimulator/Maeuse.build/Maeuse.DependencyStaticMetadataFileList --swift-const-vals-list /Users/rafaeltoneto/Documents/TCC/AvaliacaoBuild/maeuse-ios/Build/Intermediates.noindex/Maeuse.build/Debug-iphonesimulator/Maeuse.build/Objects-normal/arm64/Maeuse.SwiftConstValuesFileList --swift-const-vals-list /Users/rafaeltoneto/Documents/TCC/AvaliacaoBuild/maeuse-ios/Build/Intermediates.noindex/Maeuse.build/Debug-iphonesimulator/Maeuse.build/Objects-normal/x86_64/Maeuse.SwiftConstValuesFileList --compile-time-extraction --deployment-aware-processing --no-app-shortcuts-localization
2026-10-04 18:16:33.984 appintentsmetadataprocessor[10910:13955748] Starting appintentsmetadataprocessor export
2026-10-04 18:16:34.026 appintentsmetadataprocessor[10910:13955748] Writing Metadata.appintents
2026-10-04 18:16:34.026 appintentsmetadataprocessor[10910:13955748] Metadata root: /Users/rafaeltoneto/Documents/TCC/AvaliacaoBuild/maeuse-ios/Build/Products/Debug-iphonesimulator/Maeuse.app/Metadata.appintents

ValidateEmbeddedBinary /Users/rafaeltoneto/Documents/TCC/AvaliacaoBuild/maeuse-ios/Build/Products/Debug-iphonesimulator/Maeuse.app/PlugIns/MaeuseControls.appex (in target 'Maeuse' from project 'Maeuse')
    cd /Users/rafaeltoneto/Documents/TCC/ProjetosExternos/maeuse-ios
    /Applications/Xcode.app/Contents/Developer/usr/bin/embeddedBinaryValidationUtility /Users/rafaeltoneto/Documents/TCC/AvaliacaoBuild/maeuse-ios/Build/Products/Debug-iphonesimulator/Maeuse.app/PlugIns/MaeuseControls.appex -info-plist-path /Users/rafaeltoneto/Documents/TCC/AvaliacaoBuild/maeuse-ios/Build/Products/Debug-iphonesimulator/Maeuse.app/Info.plist

AppIntentsSSUTraining (in target 'Maeuse' from project 'Maeuse')
    cd /Users/rafaeltoneto/Documents/TCC/ProjetosExternos/maeuse-ios
    /Applications/Xcode.app/Contents/Developer/Toolchains/XcodeDefault.xctoolchain/usr/bin/appintentsnltrainingprocessor --infoplist-path /Users/rafaeltoneto/Documents/TCC/AvaliacaoBuild/maeuse-ios/Build/Products/Debug-iphonesimulator/Maeuse.app/Info.plist --temp-dir-path /Users/rafaeltoneto/Documents/TCC/AvaliacaoBuild/maeuse-ios/Build/Intermediates.noindex/Maeuse.build/Debug-iphonesimulator/Maeuse.build/ssu --bundle-id com.michaeldiestelberg.maeuse --product-path /Users/rafaeltoneto/Documents/TCC/AvaliacaoBuild/maeuse-ios/Build/Products/Debug-iphonesimulator/Maeuse.app --extracted-metadata-path /Users/rafaeltoneto/Documents/TCC/AvaliacaoBuild/maeuse-ios/Build/Products/Debug-iphonesimulator/Maeuse.app/Metadata.appintents --metadata-file-list /Users/rafaeltoneto/Documents/TCC/AvaliacaoBuild/maeuse-ios/Build/Intermediates.noindex/Maeuse.build/Debug-iphonesimulator/Maeuse.build/Maeuse.DependencyMetadataFileList --source-file /Users/rafaeltoneto/Documents/TCC/AvaliacaoBuild/maeuse-ios/Build/Products/Debug-iphonesimulator/Maeuse.app/Info.plist --archive-ssu-assets
2026-10-04 18:16:34.041 appintentsnltrainingprocessor[10912:13955752] Parsing options for appintentsnltrainingprocessor
2026-10-04 18:16:34.041 appintentsnltrainingprocessor[10912:13955752] Starting AppIntents SSU YAML Generation
2026-10-04 18:16:34.047 appintentsnltrainingprocessor[10912:13955752] No AppShortcuts found - Skipping.

RegisterExecutionPolicyException /Users/rafaeltoneto/Documents/TCC/AvaliacaoBuild/maeuse-ios/Build/Products/Debug-iphonesimulator/Maeuse.app (in target 'Maeuse' from project 'Maeuse')
    cd /Users/rafaeltoneto/Documents/TCC/ProjetosExternos/maeuse-ios
    builtin-RegisterExecutionPolicyException /Users/rafaeltoneto/Documents/TCC/AvaliacaoBuild/maeuse-ios/Build/Products/Debug-iphonesimulator/Maeuse.app

Validate /Users/rafaeltoneto/Documents/TCC/AvaliacaoBuild/maeuse-ios/Build/Products/Debug-iphonesimulator/Maeuse.app (in target 'Maeuse' from project 'Maeuse')
    cd /Users/rafaeltoneto/Documents/TCC/ProjetosExternos/maeuse-ios
    builtin-validationUtility /Users/rafaeltoneto/Documents/TCC/AvaliacaoBuild/maeuse-ios/Build/Products/Debug-iphonesimulator/Maeuse.app -shallow-bundle -infoplist-subpath Info.plist

Touch /Users/rafaeltoneto/Documents/TCC/AvaliacaoBuild/maeuse-ios/Build/Products/Debug-iphonesimulator/Maeuse.app (in target 'Maeuse' from project 'Maeuse')
    cd /Users/rafaeltoneto/Documents/TCC/ProjetosExternos/maeuse-ios
    /usr/bin/touch -c /Users/rafaeltoneto/Documents/TCC/AvaliacaoBuild/maeuse-ios/Build/Products/Debug-iphonesimulator/Maeuse.app

PruneExplicitPrecompiledModules /Users/rafaeltoneto/Documents/TCC/AvaliacaoBuild/maeuse-ios/Build/Intermediates.noindex/SwiftExplicitPrecompiledModules

PruneExplicitPrecompiledModules /Users/rafaeltoneto/Documents/TCC/AvaliacaoBuild/maeuse-ios/SDKExplicitPrecompiledModules

PruneExplicitPrecompiledModules /Users/rafaeltoneto/Documents/TCC/AvaliacaoBuild/maeuse-ios/Build/Intermediates.noindex/ExplicitPrecompiledModules

** BUILD SUCCEEDED **

